date,chain_total_tvl
2017-09-27,0.0
2017-09-28,0.0
2017-09-29,0.0
2017-09-30,0.0
2017-10-01,0.0
2017-10-02,0.0
2017-10-03,0.0
2017-10-04,0.0
2017-10-05,0.0
2017-10-06,0.0
2017-10-07,0.0
2017-10-08,0.0
2017-10-09,0.0
2017-10-10,0.0
2017-10-11,0.0
2017-10-12,0.0
2017-10-13,0.0
2017-10-14,0.0
2017-10-15,0.0
2017-10-16,0.0
2017-10-17,0.0
2017-10-18,0.0
2017-10-19,0.0
2017-10-20,0.0
2017-10-21,0.0
2017-10-22,0.0
2017-10-23,0.0
2017-10-24,0.0
2017-10-25,0.0
2017-10-26,0.0
2017-10-27,0.0
2017-10-28,0.0
2017-10-29,0.0
2017-10-30,0.0
2017-10-31,0.0
2017-11-01,0.0
2017-11-02,0.0
2017-11-03,0.0
2017-11-04,0.0
2017-11-05,0.0
2017-11-06,0.0
2017-11-07,0.0
2017-11-08,0.0
2017-11-09,0.0
2017-11-10,0.0
2017-11-11,0.0
2017-11-12,0.0
2017-11-13,0.0
2017-11-14,0.0
2017-11-15,0.0
2017-11-16,0.0
2017-11-17,0.0
2017-11-18,0.0
2017-11-19,0.0
2017-11-20,0.0
2017-11-21,0.0
2017-11-22,0.0
2017-11-23,0.0
2017-11-24,0.0
2017-11-25,0.0
2017-11-26,0.0
2017-11-27,0.0
2017-11-28,0.0
2017-11-29,0.0
2017-11-30,0.0
2017-12-01,0.0
2017-12-02,0.0
2017-12-03,0.0
2017-12-04,0.0
2017-12-05,0.0
2017-12-06,0.0
2017-12-07,0.0
2017-12-08,0.0
2017-12-09,0.0
2017-12-10,0.0
2017-12-11,0.0
2017-12-12,0.0
2017-12-13,0.0
2017-12-14,0.0
2017-12-15,0.0
2017-12-16,0.0
2017-12-17,0.0
2017-12-18,0.0
2017-12-19,0.0
2017-12-20,0.0
2017-12-21,0.0
2017-12-22,0.0
2017-12-23,0.0
2017-12-24,0.0
2017-12-25,0.0
2017-12-26,0.0
2017-12-27,0.0
2017-12-28,0.0
2017-12-29,0.0
2017-12-30,0.0
2017-12-31,0.0
2018-01-01,0.0
2018-01-02,0.0
2018-01-03,0.0
2018-01-04,0.0
2018-01-05,0.0
2018-01-06,0.0
2018-01-07,0.0
2018-01-08,0.0
2018-01-09,0.0
2018-01-10,0.0
2018-01-11,0.0
2018-01-12,0.0
2018-01-13,0.0
2018-01-14,0.0
2018-01-15,0.0
2018-01-16,0.0
2018-01-17,0.0
2018-01-18,0.0
2018-01-19,0.0
2018-01-20,0.0
2018-01-21,0.0
2018-01-22,0.0
2018-01-23,0.0
2018-01-24,0.0
2018-01-25,0.0
2018-01-26,0.0
2018-01-27,0.0
2018-01-28,0.0
2018-01-29,0.0
2018-01-30,0.0
2018-01-31,0.0
2018-02-01,0.0
2018-02-02,0.0
2018-02-03,0.0
2018-02-04,0.0
2018-02-05,0.0
2018-02-06,0.0
2018-02-07,0.0
2018-02-08,0.0
2018-02-09,0.0
2018-02-10,0.0
2018-02-11,0.0
2018-02-12,6685317.0
2018-02-13,6685317.0
2018-02-14,6685317.0
2018-02-15,7335070.0
2018-02-16,11799306.0
2018-02-17,11799306.0
2018-02-18,11799306.0
2018-02-19,11799306.0
2018-02-20,11799306.0
2018-02-21,11620897.0
2018-02-22,9686994.0
2018-02-23,11924788.0
2018-02-24,11924788.0
2018-02-25,11924788.0
2018-02-26,11293138.0
2018-02-27,11293138.0
2018-02-28,18351636.0
2018-03-01,18351636.0
2018-03-02,18351636.0
2018-03-03,18351636.0
2018-03-04,18351636.0
2018-03-05,18351636.0
2018-03-06,15284730.0
2018-03-07,15284730.0
2018-03-08,14201508.0
2018-03-09,14201508.0
2018-03-10,14201508.0
2018-03-11,14201508.0
2018-03-12,14201508.0
2018-03-13,14201508.0
2018-03-14,14529180.0
2018-03-15,10883302.0
2018-03-16,10883302.0
2018-03-17,10883302.0
2018-03-18,10883302.0
2018-03-19,10883302.0
2018-03-20,10883302.0
2018-03-21,10883302.0
2018-03-22,10883302.0
2018-03-23,10883302.0
2018-03-24,10883302.0
2018-03-25,10883302.0
2018-03-26,10883302.0
2018-03-27,10883302.0
2018-03-28,10883302.0
2018-03-29,10975192.0
2018-03-30,8872233.0
2018-03-31,8872233.0
2018-04-01,8872233.0
2018-04-02,8872233.0
2018-04-03,8709109.0
2018-04-04,8709109.0
2018-04-05,8709109.0
2018-04-06,8994812.0
2018-04-07,11513795.0
2018-04-08,11513795.0
2018-04-09,11513795.0
2018-04-10,11513795.0
2018-04-11,11513795.0
2018-04-12,11513795.0
2018-04-13,11513795.0
2018-04-14,11599561.0
2018-04-15,11860237.0
2018-04-16,16745423.0
2018-04-17,16745423.0
2018-04-18,16745423.0
2018-04-19,16745423.0
2018-04-20,19173183.0
2018-04-21,19173183.0
2018-04-22,19557950.0
2018-04-23,21963401.0
2018-04-24,21963401.0
2018-04-25,21963401.0
2018-04-26,21963401.0
2018-04-27,22367479.0
2018-04-28,28948697.0
2018-04-29,28977326.0
2018-04-30,28969763.0
2018-05-01,28984307.0
2018-05-02,28977941.0
2018-05-03,35203792.0
2018-05-04,29514151.0
2018-05-05,29565821.0
2018-05-06,29590838.0
2018-05-07,29584982.0
2018-05-08,23996888.0
2018-05-09,24006329.0
2018-05-10,29220087.0
2018-05-11,29200576.0
2018-05-12,29180118.0
2018-05-13,29161024.0
2018-05-14,29172651.0
2018-05-15,29192404.0
2018-05-16,27637293.0
2018-05-17,27621514.0
2018-05-18,26702764.0
2018-05-19,30301579.0
2018-05-20,30305637.0
2018-05-21,30318592.0
2018-05-22,29046638.0
2018-05-23,29017571.0
2018-05-24,28956511.0
2018-05-25,28999900.0
2018-05-26,28971623.0
2018-05-27,24783617.0
2018-05-28,24794527.0
2018-05-29,24743844.0
2018-05-30,31952258.0
2018-05-31,31943323.0
2018-06-01,31963581.0
2018-06-02,31952510.0
2018-06-03,31986000.0
2018-06-04,30750887.0
2018-06-05,30741186.0
2018-06-06,30734367.0
2018-06-07,30749864.0
2018-06-08,30135166.0
2018-06-09,30137891.0
2018-06-10,30134960.0
2018-06-11,20200363.0
2018-06-12,20202458.0
2018-06-13,20177422.0
2018-06-14,20171150.0
2018-06-15,21673737.0
2018-06-16,21665463.0
2018-06-17,24002627.0
2018-06-18,24004364.0
2018-06-19,24031704.0
2018-06-20,24037291.0
2018-06-21,24045886.0
2018-06-22,23763827.0
2018-06-23,21165759.0
2018-06-24,21175105.0
2018-06-25,21162437.0
2018-06-26,21165475.0
2018-06-27,19744994.0
2018-06-28,19764441.0
2018-06-29,19771694.0
2018-06-30,22475278.0
2018-07-01,22483726.0
2018-07-02,22490475.0
2018-07-03,22513321.0
2018-07-04,22493042.0
2018-07-05,22510025.0
2018-07-06,22526670.0
2018-07-07,22495522.0
2018-07-08,25093689.0
2018-07-09,23126728.0
2018-07-10,19628038.0
2018-07-11,19573614.0
2018-07-12,19899688.0
2018-07-13,19890030.0
2018-07-14,19896837.0
2018-07-15,19888431.0
2018-07-16,19913834.0
2018-07-17,19929339.0
2018-07-18,19924898.0
2018-07-19,19894895.0
2018-07-20,20149827.0
2018-07-21,20590476.0
2018-07-22,20596340.0
2018-07-23,20605860.0
2018-07-24,20578762.0
2018-07-25,20265462.0
2018-07-26,20259382.0
2018-07-27,20250097.0
2018-07-28,17813102.0
2018-07-29,17815710.0
2018-07-30,17814972.0
2018-07-31,17810324.0
2018-08-01,17795180.0
2018-08-02,16575227.0
2018-08-03,16575865.0
2018-08-04,16174201.0
2018-08-05,16159086.0
2018-08-06,358439.0
2018-08-07,367117.0
2018-08-08,367758.0
2018-08-09,340001.0
2018-08-10,337587.0
2018-08-11,16800664.0
2018-08-12,16800809.0
2018-08-13,16533578.0
2018-08-14,16535473.0
2018-08-15,16534267.0
2018-08-16,16552382.0
2018-08-17,16562358.0
2018-08-18,16790597.0
2018-08-19,16788445.0
2018-08-20,16786536.0
2018-08-21,16782137.0
2018-08-22,16948572.0
2018-08-23,12059764.0
2018-08-24,14320257.0
2018-08-25,12189870.0
2018-08-26,13119602.0
2018-08-27,20787329.0
2018-08-28,21681043.0
2018-08-29,13842550.0
2018-08-30,13838204.0
2018-08-31,13826746.0
2018-09-01,33918185.0
2018-09-02,34461150.0
2018-09-03,34454043.0
2018-09-04,34394921.0
2018-09-05,34281081.0
2018-09-06,34141470.0
2018-09-07,31632459.0
2018-09-08,31627730.0
2018-09-09,31565234.0
2018-09-10,30914431.0
2018-09-11,32694805.0
2018-09-12,32416971.0
2018-09-13,32697437.0
2018-09-14,31981413.0
2018-09-15,17286027.0
2018-09-16,18181250.0
2018-09-17,16785441.0
2018-09-18,17156973.0
2018-09-19,17052370.0
2018-09-20,17295231.0
2018-09-21,17467378.0
2018-09-22,17735981.0
2018-09-23,12120894.0
2018-09-24,12001453.0
2018-09-25,10599223.0
2018-09-26,15541932.0
2018-09-27,11336827.0
2018-09-28,14120352.0
2018-09-29,15375082.0
2018-09-30,15840876.0
2018-10-01,16736615.0
2018-10-02,17016009.0
2018-10-03,16680954.0
2018-10-04,14741093.0
2018-10-05,15414443.0
2018-10-06,16097534.0
2018-10-07,15813653.0
2018-10-08,14055504.0
2018-10-09,14110331.0
2018-10-10,14232859.0
2018-10-11,14193284.0
2018-10-12,11928443.0
2018-10-13,12858389.0
2018-10-14,13118608.0
2018-10-15,13107525.0
2018-10-16,15120367.0
2018-10-17,14676038.0
2018-10-18,16459120.0
2018-10-19,15766661.0
2018-10-20,16173353.0
2018-10-21,15344886.0
2018-10-22,16626445.0
2018-10-23,17177485.0
2018-10-24,17060213.0
2018-10-25,17745805.0
2018-10-26,18335693.0
2018-10-27,16297339.0
2018-10-28,18124774.0
2018-10-29,18378903.0
2018-10-30,17137508.0
2018-10-31,15904405.0
2018-11-01,16170857.0
2018-11-02,16004698.0
2018-11-03,11825468.0
2018-11-04,18343307.0
2018-11-05,16132848.0
2018-11-06,16123521.0
2018-11-07,16610845.0
2018-11-08,16583198.0
2018-11-09,15826144.0
2018-11-10,15734245.0
2018-11-11,16062153.0
2018-11-12,15554185.0
2018-11-13,15761892.0
2018-11-14,15442880.0
2018-11-15,12952073.0
2018-11-16,12990309.0
2018-11-17,12813281.0
2018-11-18,12519141.0
2018-11-19,23183102.0
2018-11-20,10263670.0
2018-11-21,8741508.0
2018-11-22,9535385.0
2018-11-23,10694808.0
2018-11-24,10583791.0
2018-11-25,9642573.0
2018-11-26,10688756.0
2018-11-27,10013259.0
2018-11-28,11008664.0
2018-11-29,12544817.0
2018-11-30,12491893.0
2018-12-01,12166000.0
2018-12-02,13221851.0
2018-12-03,12384552.0
2018-12-04,10976654.0
2018-12-05,10974056.0
2018-12-06,9090091.0
2018-12-07,8277595.0
2018-12-08,8813639.0
2018-12-09,9296580.0
2018-12-10,8282530.0
2018-12-11,8164333.0
2018-12-12,8027331.0
2018-12-13,8382716.0
2018-12-14,7975874.0
2018-12-15,7395409.0
2018-12-16,7772209.0
2018-12-17,8236167.0
2018-12-18,9340631.0
2018-12-19,9786858.0
2018-12-20,9593244.0
2018-12-21,10845835.0
2018-12-22,11597399.0
2018-12-23,12002498.0
2018-12-24,13135497.0
2018-12-25,14344601.0
2018-12-26,13105091.0
2018-12-27,13964751.0
2018-12-28,12584979.0
2018-12-29,12995052.0
2018-12-30,4149781.0
2018-12-31,3926020.0
2019-01-01,3802744.0
2019-01-02,4008486.0
2019-01-03,5319596.0
2019-01-04,289570752.0
2019-01-05,304883618.0
2019-01-06,314016364.0
2019-01-07,302615159.0
2019-01-08,301528544.0
2019-01-09,294935504.0
2019-01-10,122685489.0
2019-01-11,260106725.0
2019-01-12,292940172.0
2019-01-13,260217997.0
2019-01-14,194196424.0
2019-01-15,263607393.0
2019-01-16,264927702.0
2019-01-17,270539227.0
2019-01-18,279843104.0
2019-01-19,246234892.0
2019-01-20,253866163.0
2019-01-21,250653941.0
2019-01-22,242704516.0
2019-01-23,238042263.0
2019-01-24,245751182.0
2019-01-25,243997393.0
2019-01-26,244144401.0
2019-01-27,247621419.0
2019-01-28,241999811.0
2019-01-29,113101993.0
2019-01-30,220276514.0
2019-01-31,224991272.0
2019-02-01,230868863.0
2019-02-02,229338297.0
2019-02-03,232341479.0
2019-02-04,232426627.0
2019-02-05,231779965.0
2019-02-06,233650015.0
2019-02-07,225717422.0
2019-02-08,231314639.0
2019-02-09,237932307.0
2019-02-10,263945502.0
2019-02-11,261409662.0
2019-02-12,266842887.0
2019-02-13,265032641.0
2019-02-14,270656042.0
2019-02-15,267234814.0
2019-02-16,279959533.0
2019-02-17,271616640.0
2019-02-18,284669961.0
2019-02-19,308871100.0
2019-02-20,328181470.0
2019-02-21,325575107.0
2019-02-22,325103155.0
2019-02-23,333555760.0
2019-02-24,335154182.0
2019-02-25,367148268.0
2019-02-26,313312485.0
2019-02-27,312348327.0
2019-02-28,315587243.0
2019-03-01,313264205.0
2019-03-02,317917225.0
2019-03-03,306928585.0
2019-03-04,308802967.0
2019-03-05,291872587.0
2019-03-06,299413989.0
2019-03-07,323339859.0
2019-03-08,325847315.0
2019-03-09,317686632.0
2019-03-10,327652303.0
2019-03-11,317114163.0
2019-03-12,314311842.0
2019-03-13,316017852.0
2019-03-14,310309736.0
2019-03-15,313273709.0
2019-03-16,319734544.0
2019-03-17,338848314.0
2019-03-18,338427917.0
2019-03-19,334112955.0
2019-03-20,331367254.0
2019-03-21,332058133.0
2019-03-22,329173533.0
2019-03-23,321656817.0
2019-03-24,324065528.0
2019-03-25,324888324.0
2019-03-26,319263059.0
2019-03-27,316212716.0
2019-03-28,331333288.0
2019-03-29,325149316.0
2019-03-30,334364887.0
2019-03-31,340535136.0
2019-04-01,337701754.0
2019-04-02,335250863.0
2019-04-03,366236322.0
2019-04-04,397580056.0
2019-04-05,382233613.0
2019-04-06,391714035.0
2019-04-07,391038985.0
2019-04-08,402160711.0
2019-04-09,422159412.0
2019-04-10,421201009.0
2019-04-11,431439729.0
2019-04-12,395146858.0
2019-04-13,396666901.0
2019-04-14,389297705.0
2019-04-15,389969859.0
2019-04-16,392816437.0
2019-04-17,383270419.0
2019-04-18,396528397.0
2019-04-19,402965067.0
2019-04-20,405717234.0
2019-04-21,399268586.0
2019-04-22,389058388.0
2019-04-23,396465156.0
2019-04-24,403778689.0
2019-04-25,379574360.0
2019-04-26,374166223.0
2019-04-27,358142236.0
2019-04-28,356347839.0
2019-04-29,360706733.0
2019-04-30,350720090.0
2019-05-01,366040359.0
2019-05-02,373150581.0
2019-05-03,366280821.0
2019-05-04,374710083.0
2019-05-05,369623355.0
2019-05-06,370720025.0
2019-05-07,371812432.0
2019-05-08,401884732.0
2019-05-09,381494784.0
2019-05-10,382347193.0
2019-05-11,379417947.0
2019-05-12,408271891.0
2019-05-13,412618171.0
2019-05-14,419161736.0
2019-05-15,447956743.0
2019-05-16,493000950.0
2019-05-17,499481561.0
2019-05-18,463518933.0
2019-05-19,473558178.0
2019-05-20,505820225.0
2019-05-21,496279202.0
2019-05-22,495087452.0
2019-05-23,497002142.0
2019-05-24,476495368.0
2019-05-25,494995333.0
2019-05-26,502451751.0
2019-05-27,487371992.0
2019-05-28,514872051.0
2019-05-29,498987033.0
2019-05-30,494627934.0
2019-05-31,512537933.0
2019-06-01,472847399.0
2019-06-02,497830025.0
2019-06-03,500127190.0
2019-06-04,485851448.0
2019-06-05,455464631.0
2019-06-06,458331950.0
2019-06-07,461237618.0
2019-06-08,465315261.0
2019-06-09,465711379.0
2019-06-10,456916372.0
2019-06-11,458463024.0
2019-06-12,452611499.0
2019-06-13,470698244.0
2019-06-14,481696600.0
2019-06-15,480287425.0
2019-06-16,491502339.0
2019-06-17,505563829.0
2019-06-18,508648762.0
2019-06-19,500888028.0
2019-06-20,499846692.0
2019-06-21,503507244.0
2019-06-22,540552020.0
2019-06-23,568785450.0
2019-06-24,567445764.0
2019-06-25,573143459.0
2019-06-26,568708212.0
2019-06-27,591078274.0
2019-06-28,552910720.0
2019-06-29,543051020.0
2019-06-30,542532241.0
2019-07-01,531461064.0
2019-07-02,525350725.0
2019-07-03,502883500.0
2019-07-04,530495517.0
2019-07-05,534615690.0
2019-07-06,532710865.0
2019-07-07,524221247.0
2019-07-08,534477607.0
2019-07-09,560331576.0
2019-07-10,563890234.0
2019-07-11,551630909.0
2019-07-12,502577319.0
2019-07-13,506751356.0
2019-07-14,492044116.0
2019-07-15,454555786.0
2019-07-16,451334563.0
2019-07-17,461975687.0
2019-07-18,443736851.0
2019-07-19,436985774.0
2019-07-20,437208909.0
2019-07-21,452675725.0
2019-07-22,487291800.0
2019-07-23,434230255.0
2019-07-24,409186274.0
2019-07-25,448443317.0
2019-07-26,428073197.0
2019-07-27,422243898.0
2019-07-28,402767290.0
2019-07-29,407166104.0
2019-07-30,406781868.0
2019-07-31,408697642.0
2019-08-01,417633282.0
2019-08-02,418221061.0
2019-08-03,428073353.0
2019-08-04,431471834.0
2019-08-05,429764804.0
2019-08-06,454195125.0
2019-08-07,436040933.0
2019-08-08,433419583.0
2019-08-09,452962074.0
2019-08-10,436374290.0
2019-08-11,428714829.0
2019-08-12,441895509.0
2019-08-13,442896825.0
2019-08-14,451379386.0
2019-08-15,433576742.0
2019-08-16,412932231.0
2019-08-17,417466602.0
2019-08-18,416010185.0
2019-08-19,431515559.0
2019-08-20,452669640.0
2019-08-21,443632021.0
2019-08-22,431246765.0
2019-08-23,430470024.0
2019-08-24,435344422.0
2019-08-25,434835163.0
2019-08-26,436731046.0
2019-08-27,435634766.0
2019-08-28,438418831.0
2019-08-29,434881647.0
2019-08-30,420084933.0
2019-08-31,419174143.0
2019-09-01,414229850.0
2019-09-02,419822865.0
2019-09-03,427393987.0
2019-09-04,446062511.0
2019-09-05,441680361.0
2019-09-06,430397388.0
2019-09-07,432542951.0
2019-09-08,431670284.0
2019-09-09,444064062.0
2019-09-10,454119915.0
2019-09-11,448765165.0
2019-09-12,448360732.0
2019-09-13,453065654.0
2019-09-14,449959697.0
2019-09-15,448075648.0
2019-09-16,476918786.0
2019-09-17,490743644.0
2019-09-18,504647334.0
2019-09-19,524619550.0
2019-09-20,521270612.0
2019-09-21,534853682.0
2019-09-22,531410497.0
2019-09-23,521089432.0
2019-09-24,513747689.0
2019-09-25,473798880.0
2019-09-26,429765681.0
2019-09-27,448885279.0
2019-09-28,448305047.0
2019-09-29,459055196.0
2019-09-30,449392756.0
2019-10-01,460478737.0
2019-10-02,468467860.0
2019-10-03,469759575.0
2019-10-04,464886362.0
2019-10-05,464292908.0
2019-10-06,458924231.0
2019-10-07,457835664.0
2019-10-08,469556828.0
2019-10-09,479618450.0
2019-10-10,497798465.0
2019-10-11,507867466.0
2019-10-12,495437951.0
2019-10-13,491387221.0
2019-10-14,495508497.0
2019-10-15,494457857.0
2019-10-16,491295305.0
2019-10-17,485289283.0
2019-10-18,488902927.0
2019-10-19,483195757.0
2019-10-20,484359011.0
2019-10-21,482779013.0
2019-10-22,501495158.0
2019-10-23,501612538.0
2019-10-24,504293040.0
2019-10-25,487781757.0
2019-10-26,536564631.0
2019-10-27,552363304.0
2019-10-28,585884484.0
2019-10-29,591157220.0
2019-10-30,598073585.0
2019-10-31,579395203.0
2019-11-01,558561779.0
2019-11-02,557071114.0
2019-11-03,557849668.0
2019-11-04,555886499.0
2019-11-05,592041728.0
2019-11-06,595937674.0
2019-11-07,597909996.0
2019-11-08,586054174.0
2019-11-09,600199426.0
2019-11-10,599493501.0
2019-11-11,583384591.0
2019-11-12,598450857.0
2019-11-13,604460707.0
2019-11-14,601074950.0
2019-11-15,596137614.0
2019-11-16,573659308.0
2019-11-17,583648172.0
2019-11-18,599124673.0
2019-11-19,608190626.0
2019-11-20,606769946.0
2019-11-21,605215546.0
2019-11-22,602025708.0
2019-11-23,568695755.0
2019-11-24,574619036.0
2019-11-25,588834677.0
2019-11-26,598978707.0
2019-11-27,614130077.0
2019-11-28,645973332.0
2019-11-29,646738314.0
2019-11-30,623022852.0
2019-12-01,618998157.0
2019-12-02,592530843.0
2019-12-03,624871193.0
2019-12-04,619422598.0
2019-12-05,616758251.0
2019-12-06,614418082.0
2019-12-07,607765633.0
2019-12-08,606638338.0
2019-12-09,630375654.0
2019-12-10,627975429.0
2019-12-11,608680182.0
2019-12-12,607080709.0
2019-12-13,617521228.0
2019-12-14,611408968.0
2019-12-15,613549511.0
2019-12-16,623841597.0
2019-12-17,614464203.0
2019-12-18,582714940.0
2019-12-19,574674054.0
2019-12-20,592958634.0
2019-12-21,596259664.0
2019-12-22,597689907.0
2019-12-23,609592628.0
2019-12-24,614842712.0
2019-12-25,604710916.0
2019-12-26,594297587.0
2019-12-27,589013702.0
2019-12-28,585762476.0
2019-12-29,594827274.0
2019-12-30,603662457.0
2019-12-31,609578786.0
2020-01-01,606094144.0
2020-01-02,605260224.0
2020-01-03,599700961.0
2020-01-04,609194464.0
2020-01-05,608225875.0
2020-01-06,610140084.0
2020-01-07,609488563.0
2020-01-08,616940071.0
2020-01-09,627337915.0
2020-01-10,591002739.0
2020-01-11,585697860.0
2020-01-12,615427563.0
2020-01-13,619481866.0
2020-01-14,627897116.0
2020-01-15,677754524.0
2020-01-16,700335339.0
2020-01-17,704767165.0
2020-01-18,729580177.0
2020-01-19,720435461.0
2020-01-20,700193516.0
2020-01-21,698828005.0
2020-01-22,728094072.0
2020-01-23,717928005.0
2020-01-24,698880694.0
2020-01-25,694165601.0
2020-01-26,701940467.0
2020-01-27,709907244.0
2020-01-28,745635194.0
2020-01-29,760463093.0
2020-01-30,772944085.0
2020-01-31,781557542.0
2020-02-01,794204774.0
2020-02-02,804187470.0
2020-02-03,814154940.0
2020-02-04,808800998.0
2020-02-05,805940611.0
2020-02-06,838588758.0
2020-02-07,878624778.0
2020-02-08,891727770.0
2020-02-09,901519597.0
2020-02-10,889444973.0
2020-02-11,882783893.0
2020-02-12,896848641.0
2020-02-13,987054648.0
2020-02-14,1011705815.0
2020-02-15,1045119349.0
2020-02-16,1041206488.0
2020-02-17,1003854491.0
2020-02-18,968978260.0
2020-02-19,1032769866.0
2020-02-20,956123481.0
2020-02-21,896019923.0
2020-02-22,914739349.0
2020-02-23,921830239.0
2020-02-24,945222348.0
2020-02-25,937314876.0
2020-02-26,895231268.0
2020-02-27,835945023.0
2020-02-28,829811516.0
2020-02-29,811948702.0
2020-03-01,828293436.0
2020-03-02,815453026.0
2020-03-03,818795704.0
2020-03-04,833516907.0
2020-03-05,813432960.0
2020-03-06,824903310.0
2020-03-07,850504891.0
2020-03-08,849998127.0
2020-03-09,781909022.0
2020-03-10,752107406.0
2020-03-11,770000473.0
2020-03-12,665641906.0
2020-03-13,525851096.0
2020-03-14,514778002.0
2020-03-15,484409708.0
2020-03-16,448184299.0
2020-03-17,434318818.0
2020-03-18,448529183.0
2020-03-19,445124343.0
2020-03-20,493642228.0
2020-03-21,517392587.0
2020-03-22,497837898.0
2020-03-23,476912091.0
2020-03-24,486317736.0
2020-03-25,526959232.0
2020-03-26,517665933.0
2020-03-27,527549814.0
2020-03-28,524942287.0
2020-03-29,509393752.0
2020-03-30,510937039.0
2020-03-31,534587501.0
2020-04-01,538376176.0
2020-04-02,538121598.0
2020-04-03,565868243.0
2020-04-04,579280022.0
2020-04-05,570503410.0
2020-04-06,578239979.0
2020-04-07,622290272.0
2020-04-08,648123516.0
2020-04-09,630582424.0
2020-04-10,612384324.0
2020-04-11,593146674.0
2020-04-12,590214308.0
2020-04-13,592889060.0
2020-04-14,585622688.0
2020-04-15,591940943.0
2020-04-16,589390639.0
2020-04-17,629864634.0
2020-04-18,631315771.0
2020-04-19,658672689.0
2020-04-20,673284351.0
2020-04-21,665322178.0
2020-04-22,648423966.0
2020-04-23,669961677.0
2020-04-24,677058240.0
2020-04-25,683790122.0
2020-04-26,697930185.0
2020-04-27,723367214.0
2020-04-28,726227203.0
2020-04-29,732488794.0
2020-04-30,772360887.0
2020-05-01,765956063.0
2020-05-02,774303515.0
2020-05-03,793233429.0
2020-05-04,786270882.0
2020-05-05,754711227.0
2020-05-06,785362345.0
2020-05-07,795877326.0
2020-05-08,789611280.0
2020-05-09,807345499.0
2020-05-10,809266700.0
2020-05-11,751449462.0
2020-05-12,734853380.0
2020-05-13,743554850.0
2020-05-14,737648893.0
2020-05-15,760291679.0
2020-05-16,748519705.0
2020-05-17,759319991.0
2020-05-18,765698808.0
2020-05-19,796586790.0
2020-05-20,848818461.0
2020-05-21,859440046.0
2020-05-22,927458857.0
2020-05-23,946957818.0
2020-05-24,964696124.0
2020-05-25,1031837852.0
2020-05-26,1015096606.0
2020-05-27,1015173402.0
2020-05-28,1016543784.0
2020-05-29,1006153995.0
2020-05-30,1039114993.0
2020-05-31,1112407974.0
2020-06-01,1121979351.0
2020-06-02,1110832737.0
2020-06-03,1143074522.0
2020-06-04,1130992824.0
2020-06-05,1160807886.0
2020-06-06,1161358494.0
2020-06-07,1161112973.0
2020-06-08,1159243363.0
2020-06-09,1180232483.0
2020-06-10,1148001962.0
2020-06-11,1149302768.0
2020-06-12,1174277595.0
2020-06-13,1172085836.0
2020-06-14,1155262998.0
2020-06-15,1122814007.0
2020-06-16,1120783231.0
2020-06-17,1261855482.0
2020-06-18,1311714166.0
2020-06-19,1402944332.0
2020-06-20,1528633518.0
2020-06-21,1622152187.0
2020-06-22,1695038718.0
2020-06-23,1724783252.0
2020-06-24,1801595304.0
2020-06-25,1850099176.0
2020-06-26,1861253613.0
2020-06-27,1877031965.0
2020-06-28,1873791062.0
2020-06-29,1888069934.0
2020-06-30,1872825126.0
2020-07-01,1878200873.0
2020-07-02,1966393615.0
2020-07-03,1986089301.0
2020-07-04,2028952412.0
2020-07-05,2080326275.0
2020-07-06,2107698948.0
2020-07-07,2186377283.0
2020-07-08,2277134110.0
2020-07-09,2344272196.0
2020-07-10,2345339281.0
2020-07-11,2335372347.0
2020-07-12,2381909438.0
2020-07-13,2405145610.0
2020-07-14,2373216308.0
2020-07-15,2399389272.0
2020-07-16,2416016932.0
2020-07-17,2466213689.0
2020-07-18,2511681996.0
2020-07-19,2556708312.0
2020-07-20,2800678652.0
2020-07-21,2953665801.0
2020-07-22,3102976230.0
2020-07-23,3210283040.0
2020-07-24,3429566186.0
2020-07-25,3465839862.0
2020-07-26,3475945440.0
2020-07-27,3406415752.0
2020-07-28,3432376503.0
2020-07-29,3407966596.0
2020-07-30,3533493546.0
2020-07-31,3634206226.0
2020-08-01,3858868761.0
2020-08-02,3884724135.0
2020-08-03,3945925232.0
2020-08-04,4072008459.0
2020-08-05,4208044914.0
2020-08-06,4254710597.0
2020-08-07,4227067054.0
2020-08-08,4253854752.0
2020-08-09,4376544143.0
2020-08-10,4519729655.0
2020-08-11,4509984761.0
2020-08-12,4528922716.0
2020-08-13,4484096235.0
2020-08-14,4698305874.0
2020-08-15,5742780537.0
2020-08-16,5875667943.0
2020-08-17,6111536223.0
2020-08-18,6254351368.0
2020-08-19,6189950089.0
2020-08-20,6271010444.0
2020-08-21,6395750615.0
2020-08-22,6251364973.0
2020-08-23,6399292944.0
2020-08-24,6418655113.0
2020-08-25,6611580781.0
2020-08-26,6753876334.0
2020-08-27,6999341442.0
2020-08-28,7091714551.0
2020-08-29,7544248432.0
2020-08-30,7806711009.0
2020-08-31,8228174281.0
2020-09-01,8619617581.0
2020-09-02,9321501521.0
2020-09-03,9181879140.0
2020-09-04,8752004396.0
2020-09-05,8786304212.0
2020-09-06,7498136402.0
2020-09-07,7714681883.0
2020-09-08,7740831221.0
2020-09-09,8714715453.0
2020-09-10,7772319558.0
2020-09-11,8847064369.0
2020-09-12,8454849375.0
2020-09-13,8001109500.0
2020-09-14,8328354871.0
2020-09-15,8473293522.0
2020-09-16,8369595591.0
2020-09-17,8072461835.0
2020-09-18,8650195635.0
2020-09-19,9191253818.0
2020-09-20,9857639737.0
2020-09-21,9985862237.0
2020-09-22,9405484021.0
2020-09-23,9412592219.0
2020-09-24,9486242852.0
2020-09-25,9780502946.0
2020-09-26,10018615558.0
2020-09-27,10276061677.0
2020-09-28,10271126479.0
2020-09-29,10344660312.0
2020-09-30,10255968735.0
2020-10-01,10189815436.0
2020-10-02,10077920424.0
2020-10-03,9787938573.0
2020-10-04,9894204893.0
2020-10-05,9856285442.0
2020-10-06,9670812087.0
2020-10-07,9233657822.0
2020-10-08,9091982390.0
2020-10-09,9353090638.0
2020-10-10,9791456818.0
2020-10-11,9879458510.0
2020-10-12,9965526610.0
2020-10-13,10028562681.0
2020-10-14,10081186032.0
2020-10-15,9979183498.0
2020-10-16,9901837191.0
2020-10-17,9736937667.0
2020-10-18,9711314690.0
2020-10-19,9813662335.0
2020-10-20,9783309265.0
2020-10-21,9604294289.0
2020-10-22,9729751355.0
2020-10-23,9943233191.0
2020-10-24,9985780396.0
2020-10-25,10095548120.0
2020-10-26,10288612976.0
2020-10-27,9829773964.0
2020-10-28,10039295752.0
2020-10-29,9994071219.0
2020-10-30,9788790799.0
2020-10-31,9713998499.0
2020-11-01,9840231301.0
2020-11-02,9849563308.0
2020-11-03,9590990961.0
2020-11-04,9580184034.0
2020-11-05,9674998874.0
2020-11-06,10056049514.0
2020-11-07,10564642183.0
2020-11-08,10591672889.0
2020-11-09,10921405852.0
2020-11-10,11307521916.0
2020-11-11,11506056588.0
2020-11-12,11732242803.0
2020-11-13,11743171827.0
2020-11-14,11945740146.0
2020-11-15,11917133098.0
2020-11-16,11929585186.0
2020-11-17,12676335196.0
2020-11-18,11623633752.0
2020-11-19,11701268206.0
2020-11-20,11925610451.0
2020-11-21,12343654925.0
2020-11-22,12425145626.0
2020-11-23,12072889055.0
2020-11-24,12590352291.0
2020-11-25,12481376238.0
2020-11-26,12120286684.0
2020-11-27,11258348141.0
2020-11-28,11279140763.0
2020-11-29,11697386004.0
2020-11-30,12379113315.0
2020-12-01,12858519119.0
2020-12-02,12821247165.0
2020-12-03,13004164054.0
2020-12-04,13005758683.0
2020-12-05,12662992586.0
2020-12-06,12976818980.0
2020-12-07,13000810989.0
2020-12-08,13018964101.0
2020-12-09,12649783961.0
2020-12-10,12649272823.0
2020-12-11,12357456727.0
2020-12-12,12274200585.0
2020-12-13,12735186118.0
2020-12-14,13013165439.0
2020-12-15,13130543199.0
2020-12-16,13377875736.0
2020-12-17,13578609392.0
2020-12-18,13948881541.0
2020-12-19,14151110625.0
2020-12-20,14301548793.0
2020-12-21,13949449177.0
2020-12-22,13754538445.0
2020-12-23,14089854673.0
2020-12-24,13765544917.0
2020-12-25,13982719164.0
2020-12-26,14528594706.0
2020-12-27,14575165502.0
2020-12-28,14817825566.0
2020-12-29,15527963018.0
2020-12-30,15245796508.0
2020-12-31,15142173763.0
2021-01-01,15329839181.0
2021-01-02,15589902434.0
2021-01-03,16212636975.0
2021-01-04,17675308665.0
2021-01-05,18928198682.0
2021-01-06,20587320909.0
2021-01-07,21352321449.0
2021-01-08,22007777730.0
2021-01-09,22197976344.0
2021-01-10,22445077032.0
2021-01-11,21927271549.0
2021-01-12,20200154269.0
2021-01-13,20843561832.0
2021-01-14,21310312381.0
2021-01-15,21556001932.0
2021-01-16,22024520822.0
2021-01-17,22441333811.0
2021-01-18,22668936437.0
2021-01-19,23294444235.0
2021-01-20,24286400185.0
2021-01-21,23099161981.0
2021-01-22,21827551156.0
2021-01-23,22998391138.0
2021-01-24,24072551079.0
2021-01-25,25490448313.0
2021-01-26,25672337007.0
2021-01-27,25218218133.0
2021-01-28,24885358141.0
2021-01-29,26266602299.0
2021-01-30,27250055833.0
2021-01-31,27128116336.0
2021-02-01,27106793690.0
2021-02-02,27885927084.0
2021-02-03,30952286391.0
2021-02-04,32929407835.0
2021-02-05,34301746245.0
2021-02-06,35713515365.0
2021-02-07,35389411217.0
2021-02-08,35699930278.0
2021-02-09,38096280630.0
2021-02-10,39639721178.0
2021-02-11,40883313661.0
2021-02-12,41882776553.0
2021-02-13,41681276667.0
2021-02-14,41409072551.0
2021-02-15,41778762476.0
2021-02-16,41577871004.0
2021-02-17,42268611208.0
2021-02-18,43228603670.0
2021-02-19,44767455940.0
2021-02-20,46703439376.0
2021-02-21,48096534278.0
2021-02-22,47679529677.0
2021-02-23,43604244387.0
2021-02-24,40166160312.0
2021-02-25,42737969477.0
2021-02-26,41910527906.0
2021-02-27,40446015622.0
2021-02-28,40292507309.0
2021-03-01,40339329728.0
2021-03-02,43114799192.0
2021-03-03,43856818567.0
2021-03-04,45202962565.0
2021-03-05,44736034855.0
2021-03-06,44306375692.0
2021-03-07,44596003509.0
2021-03-08,44252745137.0
2021-03-09,45657107626.0
2021-03-10,47538719466.0
2021-03-11,47290493824.0
2021-03-12,47847094888.0
2021-03-13,49765298404.0
2021-03-14,52139212213.0
2021-03-15,51917890775.0
2021-03-16,50164001635.0
2021-03-17,50923584805.0
2021-03-18,51994637165.0
2021-03-19,52231783848.0
2021-03-20,53628746186.0
2021-03-21,54475728643.0
2021-03-22,52875530240.0
2021-03-23,52109925636.0
2021-03-24,51286832465.0
2021-03-25,49979325145.0
2021-03-26,49358716496.0
2021-03-27,51894374492.0
2021-03-28,52589429780.0
2021-03-29,53236385037.0
2021-03-30,56024019244.0
2021-03-31,58563527952.0
2021-04-01,58991577996.0
2021-04-02,62039896441.0
2021-04-03,63915891247.0
2021-04-04,69656296566.0
2021-04-05,70547673334.0
2021-04-06,74177882169.0
2021-04-07,74583246293.0
2021-04-08,70086868134.0
2021-04-09,72985202345.0
2021-04-10,75191602362.0
2021-04-11,76760140949.0
2021-04-12,76949432341.0
2021-04-13,78315389685.0
2021-04-14,81792602230.0
2021-04-15,86445158575.0
2021-04-16,88372941184.0
2021-04-17,88304311077.0
2021-04-18,88011408706.0
2021-04-19,81148237958.0
2021-04-20,82431679311.0
2021-04-21,83893339256.0
2021-04-22,84481020598.0
2021-04-23,86326664054.0
2021-04-24,84996518328.0
2021-04-25,83606489632.0
2021-04-26,87508473567.0
2021-04-27,95362946538.0
2021-04-28,98563492496.0
2021-04-29,100934648984.0
2021-04-30,99696811502.0
2021-05-01,101627447296.0
2021-05-02,105495105135.0
2021-05-03,106927083258.0
2021-05-04,111887379621.0
2021-05-05,112923994957.0
2021-05-06,114982485791.0
2021-05-07,117751683640.0
2021-05-08,117381998264.0
2021-05-09,120709598633.0
2021-05-10,121969588742.0
2021-05-11,122130240926.0
2021-05-12,122155277890.0
2021-05-13,120495833178.0
2021-05-14,115021930120.0
2021-05-15,118809181897.0
2021-05-16,115413323801.0
2021-05-17,113245755763.0
2021-05-18,109416500758.0
2021-05-19,100918904768.0
2021-05-20,86715332451.0
2021-05-21,85593537296.0
2021-05-22,82055447451.0
2021-05-23,74578881807.0
2021-05-24,71768940529.0
2021-05-25,79433388681.0
2021-05-26,82305216878.0
2021-05-27,87099882994.0
2021-05-28,84828130834.0
2021-05-29,79380183333.0
2021-05-30,78170113848.0
2021-05-31,82612937267.0
2021-06-01,85875464510.0
2021-06-02,87537336309.0
2021-06-03,91679502802.0
2021-06-04,92788472226.0
2021-06-05,89913023403.0
2021-06-06,90557919395.0
2021-06-07,91173549875.0
2021-06-08,90456748203.0
2021-06-09,88790658454.0
2021-06-10,90342873010.0
2021-06-11,88547611576.0
2021-06-12,86468987487.0
2021-06-13,87263298559.0
2021-06-14,91573179906.0
2021-06-15,94250138716.0
2021-06-16,92356346218.0
2021-06-17,89150406095.0
2021-06-18,87230473373.0
2021-06-19,85502558663.0
2021-06-20,84724863293.0
2021-06-21,79794905360.0
2021-06-22,73603383032.0
2021-06-23,73470232477.0
2021-06-24,76106837139.0
2021-06-25,76251154516.0
2021-06-26,73956791901.0
2021-06-27,74751726768.0
2021-06-28,76785092675.0
2021-06-29,79170443973.0
2021-06-30,81395189279.0
2021-07-01,81132665953.0
2021-07-02,80939034989.0
2021-07-03,81064764552.0
2021-07-04,83801926564.0
2021-07-05,85046161979.0
2021-07-06,85466838521.0
2021-07-07,88787003459.0
2021-07-08,88368631730.0
2021-07-09,86107233855.0
2021-07-10,85906448493.0
2021-07-11,86794042430.0
2021-07-12,86467600165.0
2021-07-13,84459304194.0
2021-07-14,83157883413.0
2021-07-15,82113690292.0
2021-07-16,80567815784.0
2021-07-17,79987780117.0
2021-07-18,81021665895.0
2021-07-19,79909825848.0
2021-07-20,77597194981.0
2021-07-21,77830978597.0
2021-07-22,81817490392.0
2021-07-23,82663651843.0
2021-07-24,84735862462.0
2021-07-25,86309253469.0
2021-07-26,87804022861.0
2021-07-27,89654489517.0
2021-07-28,91063357179.0
2021-07-29,91505162314.0
2021-07-30,92900624581.0
2021-07-31,94424695383.0
2021-08-01,95488147957.0
2021-08-02,95022859261.0
2021-08-03,94509308296.0
2021-08-04,94992596273.0
2021-08-05,98309426000.0
2021-08-06,100614890820.0
2021-08-07,103202196295.0
2021-08-08,105871597168.0
2021-08-09,104902806626.0
2021-08-10,107494250628.0
2021-08-11,107294840389.0
2021-08-12,107840162356.0
2021-08-13,108374549070.0
2021-08-14,112581445353.0
2021-08-15,112821303171.0
2021-08-16,113233362493.0
2021-08-17,110678360921.0
2021-08-18,109351760371.0
2021-08-19,110931563419.0
2021-08-20,114577917344.0
2021-08-21,117216352703.0
2021-08-22,116652185671.0
2021-08-23,118326551523.0
2021-08-24,118135008554.0
2021-08-25,116519741238.0
2021-08-26,116013127779.0
2021-08-27,115738044791.0
2021-08-28,119099778226.0
2021-08-29,118637741777.0
2021-08-30,117833201905.0
2021-08-31,118100790295.0
2021-09-01,123004418688.0
2021-09-02,129531773991.0
2021-09-03,130176818051.0
2021-09-04,132367471333.0
2021-09-05,133254256889.0
2021-09-06,135153488286.0
2021-09-07,129696181340.0
2021-09-08,122755984166.0
2021-09-09,123958760996.0
2021-09-10,123751255092.0
2021-09-11,121105937164.0
2021-09-12,124392335987.0
2021-09-13,125852050427.0
2021-09-14,124552915722.0
2021-09-15,129515827010.0
2021-09-16,131766419832.0
2021-09-17,130209061698.0
2021-09-18,129333017782.0
2021-09-19,129555975737.0
2021-09-20,122169579893.0
2021-09-21,112900685299.0
2021-09-22,115444730822.0
2021-09-23,121671046714.0
2021-09-24,121408041393.0
2021-09-25,118955755706.0
2021-09-26,119238465880.0
2021-09-27,120159757549.0
2021-09-28,116862531339.0
2021-09-29,115350437181.0
2021-09-30,117938636731.0
2021-10-01,122857899030.0
2021-10-02,127861698897.0
2021-10-03,129989346313.0
2021-10-04,130408238299.0
2021-10-05,131400408913.0
2021-10-06,133017940123.0
2021-10-07,134366055437.0
2021-10-08,136750315644.0
2021-10-09,137445636778.0
2021-10-10,138378493059.0
2021-10-11,135471275830.0
2021-10-12,137632122808.0
2021-10-13,138691695321.0
2021-10-14,142044881275.0
2021-10-15,144911347803.0
2021-10-16,147407697943.0
2021-10-17,147667503303.0
2021-10-18,148052212049.0
2021-10-19,145984256813.0
2021-10-20,149260173633.0
2021-10-21,156639385746.0
2021-10-22,154229215913.0
2021-10-23,152581767114.0
2021-10-24,156703556729.0
2021-10-25,155686407425.0
2021-10-26,159632852952.0
2021-10-27,158226383577.0
2021-10-28,152421607556.0
2021-10-29,159334726972.0
2021-10-30,156969678800.0
2021-10-31,154278652826.0
2021-11-01,156687195491.0
2021-11-02,158684649023.0
2021-11-03,164602769247.0
2021-11-04,167056921892.0
2021-11-05,167343398403.0
2021-11-06,166712288546.0
2021-11-07,169018508032.0
2021-11-08,173790547265.0
2021-11-09,177493346508.0
2021-11-10,176142281138.0
2021-11-11,171595449817.0
2021-11-12,174428447154.0
2021-11-13,173515329900.0
2021-11-14,174998604785.0
2021-11-15,175771715201.0
2021-11-16,172043848457.0
2021-11-17,164758043227.0
2021-11-18,166861071452.0
2021-11-19,159166137242.0
2021-11-20,168388441836.0
2021-11-21,172458740074.0
2021-11-22,170513617685.0
2021-11-23,165868596360.0
2021-11-24,171365229976.0
2021-11-25,170607978305.0
2021-11-26,175001724373.0
2021-11-27,162590085163.0
2021-11-28,164139472794.0
2021-11-29,170245220455.0
2021-11-30,173832645256.0
2021-12-01,177078538448.0
2021-12-02,177472313427.0
2021-12-03,175462283995.0
2021-12-04,167254867600.0
2021-12-05,160831443764.0
2021-12-06,159990036803.0
2021-12-07,164374698405.0
2021-12-08,165001680945.0
2021-12-09,168038648548.0
2021-12-10,160200414871.0
2021-12-11,155303214742.0
2021-12-12,158729708905.0
2021-12-13,160312940504.0
2021-12-14,151349610808.0
2021-12-15,154126431864.0
2021-12-16,158945273904.0
2021-12-17,157789672325.0
2021-12-18,156687506251.0
2021-12-19,161090866275.0
2021-12-20,160762162888.0
2021-12-21,160757113718.0
2021-12-22,166087665454.0
2021-12-23,165914105618.0
2021-12-24,171106024042.0
2021-12-25,170409698183.0
2021-12-26,171904039132.0
2021-12-27,173466282652.0
2021-12-28,170475361656.0
2021-12-29,164780806089.0
2021-12-30,161856366934.0
2021-12-31,163257738269.0
2022-01-01,163249883734.0
2022-01-02,166621872230.0
2022-01-03,167757711805.0
2022-01-04,167885221630.0
2022-01-05,167903568059.0
2022-01-06,161478454985.0
2022-01-07,158739228035.0
2022-01-08,153986694722.0
2022-01-09,151103778557.0
2022-01-10,153054358645.0
2022-01-11,150647668337.0
2022-01-12,155404007654.0
2022-01-13,159857460688.0
2022-01-14,157486998221.0
2022-01-15,158984482761.0
2022-01-16,160476538102.0
2022-01-17,161217881689.0
2022-01-18,157083894987.0
2022-01-19,156184869538.0
2022-01-20,154755855760.0
2022-01-21,150855388732.0
2022-01-22,135283433426.0
2022-01-23,128695819350.0
2022-01-24,132142933419.0
2022-01-25,128272836618.0
2022-01-26,132523024179.0
2022-01-27,133616741901.0
2022-01-28,126373125048.0
2022-01-29,127435103508.0
2022-01-30,128904274250.0
2022-01-31,127205003014.0
2022-02-01,129908125099.0
2022-02-02,132713879864.0
2022-02-03,129035686548.0
2022-02-04,130691733289.0
2022-02-05,138419397217.0
2022-02-06,140626655263.0
2022-02-07,142570790569.0
2022-02-08,144909167903.0
2022-02-09,144842125197.0
2022-02-10,147255277455.0
2022-02-11,143415193914.0
2022-02-12,139791373157.0
2022-02-13,139759184916.0
2022-02-14,139102161911.0
2022-02-15,140097947531.0
2022-02-16,145548285950.0
2022-02-17,144677139624.0
2022-02-18,138426569046.0
2022-02-19,136585492174.0
2022-02-20,135910095969.0
2022-02-21,132955545374.0
2022-02-22,130089259450.0
2022-02-23,131884742509.0
2022-02-24,131277223921.0
2022-02-25,131360584227.0
2022-02-26,135242532449.0
2022-02-27,136354227835.0
2022-02-28,132711051426.0
2022-03-01,142152710187.0
2022-03-02,143286734414.0
2022-03-03,143493897862.0
2022-03-04,138812947756.0
2022-03-05,133745633812.0
2022-03-06,135671186044.0
2022-03-07,131588265780.0
2022-03-08,131663196733.0
2022-03-09,134201562534.0
2022-03-10,139293468468.0
2022-03-11,135832504573.0
2022-03-12,134858214564.0
2022-03-13,134942762854.0
2022-03-14,133279534949.0
2022-03-15,135547354068.0
2022-03-16,136320427305.0
2022-03-17,140733163892.0
2022-03-18,141000998626.0
2022-03-19,145242256029.0
2022-03-20,145441866130.0
2022-03-21,143459703540.0
2022-03-22,147593034434.0
2022-03-23,149399109542.0
2022-03-24,150905015442.0
2022-03-25,152140078275.0
2022-03-26,151097914368.0
2022-03-27,152964767270.0
2022-03-28,156386847505.0
2022-03-29,157903768757.0
2022-03-30,160321670088.0
2022-03-31,161439939586.0
2022-04-01,157547630443.0
2022-04-02,161736362113.0
2022-04-03,161809006268.0
2022-04-04,162911778056.0
2022-04-05,162388873397.0
2022-04-06,158574213444.0
2022-04-07,152319564943.0
2022-04-08,154640106418.0
2022-04-09,151941280359.0
2022-04-10,153478382334.0
2022-04-11,151548701631.0
2022-04-12,144300551794.0
2022-04-13,146192205144.0
2022-04-14,148425119265.0
2022-04-15,146108324594.0
2022-04-16,147133775692.0
2022-04-17,147656524050.0
2022-04-18,145169656535.0
2022-04-19,148722968803.0
2022-04-20,149696248599.0
2022-04-21,149486973101.0
2022-04-22,146766815036.0
2022-04-23,146149095956.0
2022-04-24,145650169992.0
2022-04-25,144678314924.0
2022-04-26,147992526925.0
2022-04-27,142219848205.0
2022-04-28,144371309908.0
2022-04-29,144028595209.0
2022-04-30,140397892488.0
2022-05-01,135812228945.0
2022-05-02,138173078385.0
2022-05-03,138040041793.0
2022-05-04,137924506847.0
2022-05-05,142610131627.0
2022-05-06,136851094115.0
2022-05-07,135723734768.0
2022-05-08,130664967229.0
2022-05-09,125984315305.0
2022-05-10,109592244185.0
2022-05-11,107065909739.0
2022-05-12,89971030272.0
2022-05-13,78539141525.0
2022-05-14,79102617903.0
2022-05-15,79389652084.0
2022-05-16,81334054405.0
2022-05-17,78492902673.0
2022-05-18,80125988989.0
2022-05-19,76408340101.0
2022-05-20,78575905506.0
2022-05-21,76756997745.0
2022-05-22,77336701621.0
2022-05-23,79960583296.0
2022-05-24,79073716965.0
2022-05-25,79646018934.0
2022-05-26,79695127861.0
2022-05-27,76395260456.0
2022-05-28,75025857154.0
2022-05-29,76146553781.0
2022-05-30,76409841753.0
2022-05-31,80219044564.0
2022-06-01,79779012615.0
2022-06-02,76910573259.0
2022-06-03,77392141688.0
2022-06-04,75702652306.0
2022-06-05,75348178982.0
2022-06-06,75556690574.0
2022-06-07,75922007805.0
2022-06-08,75974914284.0
2022-06-09,75550624572.0
2022-06-10,74887187740.0
2022-06-11,72036761535.0
2022-06-12,69113705505.0
2022-06-13,66208471806.0
2022-06-14,57504989735.0
2022-06-15,55658964800.0
2022-06-16,55353154252.0
2022-06-17,51615129803.0
2022-06-18,52342910599.0
2022-06-19,49592771860.0
2022-06-20,51466847157.0
2022-06-21,52155292691.0
2022-06-22,52488975882.0
2022-06-23,51950404565.0
2022-06-24,53532962786.0
2022-06-25,54737710899.0
2022-06-26,54913885029.0
2022-06-27,54065314916.0
2022-06-28,53602483006.0
2022-06-29,52498485290.0
2022-06-30,51787961628.0
2022-07-01,51319489884.0
2022-07-02,51268381038.0
2022-07-03,52325117056.0
2022-07-04,52593866851.0
2022-07-05,54033391583.0
2022-07-06,54240842847.0
2022-07-07,55076437369.0
2022-07-08,55648539444.0
2022-07-09,55482847713.0
2022-07-10,55606156034.0
2022-07-11,54429560893.0
2022-07-12,52809087702.0
2022-07-13,51648763151.0
2022-07-14,52787881343.0
2022-07-15,53965656416.0
2022-07-16,54479817843.0
2022-07-17,55809847450.0
2022-07-18,55624954215.0
2022-07-19,58972365317.0
2022-07-20,59152710421.0
2022-07-21,58465435022.0
2022-07-22,59261723078.0
2022-07-23,59187763934.0
2022-07-24,59240557064.0
2022-07-25,59837903509.0
2022-07-26,57298123597.0
2022-07-27,57166159842.0
2022-07-28,60031689277.0
2022-07-29,61734086291.0
2022-07-30,61271036897.0
2022-07-31,61343599943.0
2022-08-01,61034907285.0
2022-08-02,60464216390.0
2022-08-03,59423275608.0
2022-08-04,60120074002.0
2022-08-05,60909623712.0
2022-08-06,62004282515.0
2022-08-07,61446713464.0
2022-08-08,62563366496.0
2022-08-09,62816347181.0
2022-08-10,61073904987.0
2022-08-11,63847411045.0
2022-08-12,63631638757.0
2022-08-13,64148391430.0
2022-08-14,64302267625.0
2022-08-15,63338287431.0
2022-08-16,62668274990.0
2022-08-17,62830599996.0
2022-08-18,61691339340.0
2022-08-19,60897485950.0
2022-08-20,57840475521.0
2022-08-21,57485354376.0
2022-08-22,58347450296.0
2022-08-23,58359412944.0
2022-08-24,58557628292.0
2022-08-25,58730563103.0
2022-08-26,59115380810.0
2022-08-27,56328629926.0
2022-08-28,55995986797.0
2022-08-29,54961041376.0
2022-08-30,56593370953.0
2022-08-31,56419447223.0
2022-09-01,56081845921.0
2022-09-02,56653550894.0
2022-09-03,56537357375.0
2022-09-04,56266917526.0
2022-09-05,56230210455.0
2022-09-06,56918489075.0
2022-09-07,54472902147.0
2022-09-08,55470306287.0
2022-09-09,55489049315.0
2022-09-10,56892135584.0
2022-09-11,57611010035.0
2022-09-12,56971555207.0
2022-09-13,56493710639.0
2022-09-14,53465903982.0
2022-09-15,52443695197.0
2022-09-16,51401538870.0
2022-09-17,51673669252.0
2022-09-18,52290553199.0
2022-09-19,50812367750.0
2022-09-20,51188881488.0
2022-09-21,51040068084.0
2022-09-22,49981095080.0
2022-09-23,51642928034.0
2022-09-24,51837710602.0
2022-09-25,51648616556.0
2022-09-26,51457430983.0
2022-09-27,52203745816.0
2022-09-28,52160393202.0
2022-09-29,52399467132.0
2022-09-30,52394890292.0
2022-10-01,52300667062.0
2022-10-02,52669475851.0
2022-10-03,52159200269.0
2022-10-04,52940789613.0
2022-10-05,53434900758.0
2022-10-06,53501257454.0
2022-10-07,53376432348.0
2022-10-08,52784066293.0
2022-10-09,52553033725.0
2022-10-10,52642871800.0
2022-10-11,51949679665.0
2022-10-12,51925020589.0
2022-10-13,51600236333.0
2022-10-14,51114273577.0
2022-10-15,51094285512.0
2022-10-16,50949659282.0
2022-10-17,51368524515.0
2022-10-18,51765046623.0
2022-10-19,51323481027.0
2022-10-20,50752123923.0
2022-10-21,50202139715.0
2022-10-22,50247113815.0
2022-10-23,50364800833.0
2022-10-24,51226090606.0
2022-10-25,50647788179.0
2022-10-26,52314324442.0
2022-10-27,53562536722.0
2022-10-28,52904784602.0
2022-10-29,53453790901.0
2022-10-30,54328981929.0
2022-10-31,53984453625.0
2022-11-01,53441183962.0
2022-11-02,53271647934.0
2022-11-03,52487617339.0
2022-11-04,52851567757.0
2022-11-05,54609083617.0
2022-11-06,54491434787.0
2022-11-07,53480534752.0
2022-11-08,53271971297.0
2022-11-09,48132469622.0
2022-11-10,42711258712.0
2022-11-11,44464940514.0
2022-11-12,43488230377.0
2022-11-13,42778868949.0
2022-11-14,41907488657.0
2022-11-15,42087845822.0
2022-11-16,42404372605.0
2022-11-17,41743932094.0
2022-11-18,41853728292.0
2022-11-19,41748773390.0
2022-11-20,41493718202.0
2022-11-21,40275077993.0
2022-11-22,40025048984.0
2022-11-23,40018198331.0
2022-11-24,40547256918.0
2022-11-25,40286028085.0
2022-11-26,40234606365.0
2022-11-27,40736418981.0
2022-11-28,40484110949.0
2022-11-29,39827501456.0
2022-11-30,40845742373.0
2022-12-01,41390559228.0
2022-12-02,41443241395.0
2022-12-03,40931020966.0
2022-12-04,40910385248.0
2022-12-05,41517500156.0
2022-12-06,40990782271.0
2022-12-07,41371216435.0
2022-12-08,41338047271.0
2022-12-09,41485194533.0
2022-12-10,41449877114.0
2022-12-11,41739446041.0
2022-12-12,41287863233.0
2022-12-13,41250983753.0
2022-12-14,41364461011.0
2022-12-15,41274924793.0
2022-12-16,40614722156.0
2022-12-17,38797297084.0
2022-12-18,39017027316.0
2022-12-19,39122316617.0
2022-12-20,38507835468.0
2022-12-21,39085570549.0
2022-12-22,39072391077.0
2022-12-23,39063549230.0
2022-12-24,39004586700.0
2022-12-25,39052605820.0
2022-12-26,38673772455.0
2022-12-27,38865599174.0
2022-12-28,38660966911.0
2022-12-29,38406767671.0
2022-12-30,38399585723.0
2022-12-31,38287326251.0
2023-01-01,37828881444.0
2023-01-02,38109123956.0
2023-01-03,38310878747.0
2023-01-04,38350479934.0
2023-01-05,38990173381.0
2023-01-06,38876282007.0
2023-01-07,38957470028.0
2023-01-08,39058726145.0
2023-01-09,39789786863.0
2023-01-10,40143405903.0
2023-01-11,40340351147.0
2023-01-12,41419855539.0
2023-01-13,41680714652.0
2023-01-14,43848298092.0
2023-01-15,43830804995.0
2023-01-16,44210108457.0
2023-01-17,44249699943.0
2023-01-18,44394414696.0
2023-01-19,43423391794.0
2023-01-20,44105583969.0
2023-01-21,46115377308.0
2023-01-22,45980755891.0
2023-01-23,46077429240.0
2023-01-24,46335511654.0
2023-01-25,45609874143.0
2023-01-26,46799215169.0
2023-01-27,46506573105.0
2023-01-28,46993177416.0
2023-01-29,46838648843.0
2023-01-30,47793011024.0
2023-01-31,46303087028.0
2023-02-01,46767417513.0
2023-02-02,48472199205.0
2023-02-03,48040334003.0
2023-02-04,48248099353.0
2023-02-05,48181572439.0
2023-02-06,47765782931.0
2023-02-07,47563219698.0
2023-02-08,48736505414.0
2023-02-09,48260670441.0
2023-02-10,46166139621.0
2023-02-11,45962241993.0
2023-02-12,46466250355.0
2023-02-13,46225768337.0
2023-02-14,45877082295.0
2023-02-15,46664370853.0
2023-02-16,49381714441.0
2023-02-17,48491715730.0
2023-02-18,49790560271.0
2023-02-19,50091237619.0
2023-02-20,49804444313.0
2023-02-21,50458360575.0
2023-02-22,49428479181.0
2023-02-23,49179278084.0
2023-02-24,49204345916.0
2023-02-25,48248853211.0
2023-02-26,47982551555.0
2023-02-27,48993571969.0
2023-02-28,48998539729.0
2023-03-01,48680905001.0
2023-03-02,49560022581.0
2023-03-03,49179925553.0
2023-03-04,47679269893.0
2023-03-05,47592801398.0
2023-03-06,47670985376.0
2023-03-07,47606224936.0
2023-03-08,47399780806.0
2023-03-09,46446653966.0
2023-03-10,44223233315.0
2023-03-11,43814899081.0
2023-03-12,42177359676.0
2023-03-13,45561256835.0
2023-03-14,46454160736.0
2023-03-15,46900196666.0
2023-03-16,45750730750.0
2023-03-17,45653380277.0
2023-03-18,48137835158.0
2023-03-19,47951191953.0
2023-03-20,48125880871.0
2023-03-21,48105249563.0
2023-03-22,48905923589.0
2023-03-23,48073745568.0
2023-03-24,49092625575.0
2023-03-25,48058162994.0
2023-03-26,47961860269.0
2023-03-27,48241210899.0
2023-03-28,47320441843.0
2023-03-29,47843512741.0
2023-03-30,48488140751.0
2023-03-31,48632134898.0
2023-04-01,48996069125.0
2023-04-02,48955856393.0
2023-04-03,48496332517.0
2023-04-04,48611051737.0
2023-04-05,49829493443.0
2023-04-06,49670307957.0
2023-04-07,49491476572.0
2023-04-08,49214443448.0
2023-04-09,49287856728.0
2023-04-10,49418283309.0
2023-04-11,50238948786.0
2023-04-12,50051905880.0
2023-04-13,50078762021.0
2023-04-14,52313162576.0
2023-04-15,52450506487.0
2023-04-16,52512126964.0
2023-04-17,52180997324.0
2023-04-18,51405304642.0
2023-04-19,52102706414.0
2023-04-20,49766471624.0
2023-04-21,49236175284.0
2023-04-22,47668371198.0
2023-04-23,47751523162.0
2023-04-24,47719113080.0
2023-04-25,47261238474.0
2023-04-26,47851518182.0
2023-04-27,48479191930.0
2023-04-28,48523710615.0
2023-04-29,48207527800.0
2023-04-30,48429582192.0
2023-05-01,48028076572.0
2023-05-02,46909367839.0
2023-05-03,47490540668.0
2023-05-04,48220627840.0
2023-05-05,48048677029.0
2023-05-06,49692916552.0
2023-05-07,48398700250.0
2023-05-08,47925767397.0
2023-05-09,46678079512.0
2023-05-10,46829086239.0
2023-05-11,46571370322.0
2023-05-12,45855332539.0
2023-05-13,45854956452.0
2023-05-14,45776352620.0
2023-05-15,45722922869.0
2023-05-16,46231615398.0
2023-05-17,46275821533.0
2023-05-18,46397730877.0
2023-05-19,46122025607.0
2023-05-20,46216686491.0
2023-05-21,46686497597.0
2023-05-22,46259061443.0
2023-05-23,46615534318.0
2023-05-24,47178803678.0
2023-05-25,45877116961.0
2023-05-26,45918110263.0
2023-05-27,46214185951.0
2023-05-28,46502158418.0
2023-05-29,47645507388.0
2023-05-30,47109559440.0
2023-05-31,47069768513.0
2023-06-01,45782318600.0
2023-06-02,45662063704.0
2023-06-03,46495162916.0
2023-06-04,46282635583.0
2023-06-05,46232004407.0
2023-06-06,44524155343.0
2023-06-07,45685263100.0
2023-06-08,44465216090.0
2023-06-09,44537532878.0
2023-06-10,43988776228.0
2023-06-11,42124956976.0
2023-06-12,42124135988.0
2023-06-13,41873458283.0
2023-06-14,42080843434.0
2023-06-15,40655952963.0
2023-06-16,40606080108.0
2023-06-17,41343431638.0
2023-06-18,41644884876.0
2023-06-19,41562882919.0
2023-06-20,41828707044.0
2023-06-21,43094351524.0
2023-06-22,44627698343.0
2023-06-23,44135224148.0
2023-06-24,44382755604.0
2023-06-25,44172391079.0
2023-06-26,44510077645.0
2023-06-27,44125064439.0
2023-06-28,44252528587.0
2023-06-29,43414223093.0
2023-06-30,43894244266.0
2023-07-01,45000938317.0
2023-07-02,44921015263.0
2023-07-03,45072930709.0
2023-07-04,45315421781.0
2023-07-05,44996834113.0
2023-07-06,44476654366.0
2023-07-07,43523899369.0
2023-07-08,43957337471.0
2023-07-09,44010442426.0
2023-07-10,43922695451.0
2023-07-11,44040522575.0
2023-07-12,44179231347.0
2023-07-13,43967642901.0
2023-07-14,45705361929.0
2023-07-15,44633469883.0
2023-07-16,44789203274.0
2023-07-17,44536652690.0
2023-07-18,44425021304.0
2023-07-19,44073998975.0
2023-07-20,43801228126.0
2023-07-21,43823561702.0
2023-07-22,43879520908.0
2023-07-23,43355855872.0
2023-07-24,43684153174.0
2023-07-25,42793087799.0
2023-07-26,42764210106.0
2023-07-27,42983610999.0
2023-07-28,42953955311.0
2023-07-29,43252649482.0
2023-07-30,43560758084.0
2023-07-31,41300120967.0
2023-08-01,40617400849.0
2023-08-02,40244084522.0
2023-08-03,39809082644.0
2023-08-04,40263886011.0
2023-08-05,40215338268.0
2023-08-06,40336691250.0
2023-08-07,40414556917.0
2023-08-08,40733129524.0
2023-08-09,41237293070.0
2023-08-10,41243139743.0
2023-08-11,41526199605.0
2023-08-12,41682077545.0
2023-08-13,41701821135.0
2023-08-14,41569596294.0
2023-08-15,41579214017.0
2023-08-16,41006562946.0
2023-08-17,40089139913.0
2023-08-18,38408598397.0
2023-08-19,38079912707.0
2023-08-20,38239342152.0
2023-08-21,38066098782.0
2023-08-22,37885232374.0
2023-08-23,37402147309.0
2023-08-24,38124299717.0
2023-08-25,37850324747.0
2023-08-26,37647428522.0
2023-08-27,37610890837.0
2023-08-28,37841634901.0
2023-08-29,37849943068.0
2023-08-30,39002937138.0
2023-08-31,38495399312.0
2023-09-01,37623870615.0
2023-09-02,37465965849.0
2023-09-03,37563195874.0
2023-09-04,37653471861.0
2023-09-05,37480752017.0
2023-09-06,37716810319.0
2023-09-07,37594116458.0
2023-09-08,37968365237.0
2023-09-09,37664398861.0
2023-09-10,37598319352.0
2023-09-11,37335390944.0
2023-09-12,36244788811.0
2023-09-13,36929240328.0
2023-09-14,37259251666.0
2023-09-15,37557760194.0
2023-09-16,38719381433.0
2023-09-17,38498364068.0
2023-09-18,38297995242.0
2023-09-19,38515685549.0
2023-09-20,38737844291.0
2023-09-21,38432816382.0
2023-09-22,37727424670.0
2023-09-23,37915566490.0
2023-09-24,37836154360.0
2023-09-25,37454301858.0
2023-09-26,37672959878.0
2023-09-27,37692878875.0
2023-09-28,37701396218.0
2023-09-29,38427843784.0
2023-09-30,38534436127.0
2023-10-01,38541815560.0
2023-10-02,39500354100.0
2023-10-03,38615320629.0
2023-10-04,38322246415.0
2023-10-05,38504941572.0
2023-10-06,38149046099.0
2023-10-07,38540210656.0
2023-10-08,38465673684.0
2023-10-09,38263925657.0
2023-10-10,37508107962.0
2023-10-11,36888283994.0
2023-10-12,36572518223.0
2023-10-13,36029196770.0
2023-10-14,36577281131.0
2023-10-15,36620417455.0
2023-10-16,36653787191.0
2023-10-17,37287917022.0
2023-10-18,36866741194.0
2023-10-19,36523572886.0
2023-10-20,36761990081.0
2023-10-21,37384042146.0
2023-10-22,38046845889.0
2023-10-23,38697044530.0
2023-10-24,40782619149.0
2023-10-25,40669722181.0
2023-10-26,41098687585.0
2023-10-27,41077447414.0
2023-10-28,40738682895.0
2023-10-29,41219925989.0
2023-10-30,41627248081.0
2023-10-31,42263607311.0
2023-11-01,41933222890.0
2023-11-02,42847818195.0
2023-11-03,42075384852.0
2023-11-04,42894554522.0
2023-11-05,43666242913.0
2023-11-06,43623404992.0
2023-11-07,43825723636.0
2023-11-08,43829189658.0
2023-11-09,44343501261.0
2023-11-10,46633128095.0
2023-11-11,46713941111.0
2023-11-12,46521537503.0
2023-11-13,46726625990.0
2023-11-14,45943175672.0
2023-11-15,45476538836.0
2023-11-16,47194395567.0
2023-11-17,45462488813.0
2023-11-18,45573246210.0
2023-11-19,45774476577.0
2023-11-20,46772106400.0
2023-11-21,46791540223.0
2023-11-22,44838071369.0
2023-11-23,46752755079.0
2023-11-24,46758137967.0
2023-11-25,47046038886.0
2023-11-26,46916196205.0
2023-11-27,46174589900.0
2023-11-28,45613780248.0
2023-11-29,46103807966.0
2023-11-30,45917956989.0
2023-12-01,46220265021.0
2023-12-02,46806134727.0
2023-12-03,48075560080.0
2023-12-04,48557851808.0
2023-12-05,49177597789.0
2023-12-06,50306669582.0
2023-12-07,49488485837.0
2023-12-08,50978471800.0
2023-12-09,51785236549.0
2023-12-10,51347575778.0
2023-12-11,50919357186.0
2023-12-12,49648429285.0
2023-12-13,49383909807.0
2023-12-14,50574351813.0
2023-12-15,51748144400.0
2023-12-16,49997035375.0
2023-12-17,50297521914.0
2023-12-18,49776002932.0
2023-12-19,50799884368.0
2023-12-20,50295862902.0
2023-12-21,51353824071.0
2023-12-22,52012552367.0
2023-12-23,52983746685.0
2023-12-24,53075057390.0
2023-12-25,52691738722.0
2023-12-26,52919557368.0
2023-12-27,52205534494.0
2023-12-28,54157820005.0
2023-12-29,53399508854.0
2023-12-30,52731486559.0
2023-12-31,52792679661.0
2024-01-01,52578508068.0
2024-01-02,54748129594.0
2024-01-03,54607850133.0
2024-01-04,52059311178.0
2024-01-05,53568955331.0
2024-01-06,53214045163.0
2024-01-07,52775176055.0
2024-01-08,52030476978.0
2024-01-09,54027206829.0
2024-01-10,54162299446.0
2024-01-11,57337425745.0
2024-01-12,57717486321.0
2024-01-13,55517563542.0
2024-01-14,56335110693.0
2024-01-15,55576668318.0
2024-01-16,55845290617.0
2024-01-17,56650196395.0
2024-01-18,55985640268.0
2024-01-19,54870704140.0
2024-01-20,55044823818.0
2024-01-21,55023086540.0
2024-01-22,54861721583.0
2024-01-23,52864452752.0
2024-01-24,52241330405.0
2024-01-25,52429869767.0
2024-01-26,52440026749.0
2024-01-27,53791587824.0
2024-01-28,54031900302.0
2024-01-29,53983129192.0
2024-01-30,55146941946.0
2024-01-31,54979343537.0
2024-02-01,53856534332.0
2024-02-02,54649921449.0
2024-02-03,54975147067.0
2024-02-04,54502582773.0
2024-02-05,54413767320.0
2024-02-06,55891751085.0
2024-02-07,57609495006.0
2024-02-08,58976891617.0
2024-02-09,60072346142.0
2024-02-10,61942559400.0
2024-02-11,62162611545.0
2024-02-12,62373072349.0
2024-02-13,64863154492.0
2024-02-14,64379107499.0
2024-02-15,67085546137.0
2024-02-16,67233300562.0
2024-02-17,66923465254.0
2024-02-18,66908267058.0
2024-02-19,68524120753.0
2024-02-20,69696002398.0
2024-02-21,70295614988.0
2024-02-22,69657515664.0
2024-02-23,69766701989.0
2024-02-24,68816609585.0
2024-02-25,70099830579.0
2024-02-26,71621866206.0
2024-02-27,73801725030.0
2024-02-28,75272013319.0
2024-02-29,78416972586.0
2024-03-01,78112693644.0
2024-03-02,80545212423.0
2024-03-03,80600616744.0
2024-03-04,82088852692.0
2024-03-05,84562220703.0
2024-03-06,82373422101.0
2024-03-07,87682168460.0
2024-03-08,88508625656.0
2024-03-09,89947658810.0
2024-03-10,90554129228.0
2024-03-11,90468648493.0
2024-03-12,94569658350.0
2024-03-13,93017600341.0
2024-03-14,94454566901.0
2024-03-15,92408396617.0
2024-03-16,90154385710.0
2024-03-17,85648619485.0
2024-03-18,88638936863.0
2024-03-19,86359549583.0
2024-03-20,79643223723.0
2024-03-21,87333184331.0
2024-03-22,86553339137.0
2024-03-23,83902252644.0
2024-03-24,85109105572.0
2024-03-25,87683001577.0
2024-03-26,91168568055.0
2024-03-27,91290946724.0
2024-03-28,89898208504.0
2024-03-29,91620953118.0
2024-03-30,90991531545.0
2024-03-31,90932669346.0
2024-04-01,93214778539.0
2024-04-02,90903738712.0
2024-04-03,86715584550.0
2024-04-04,87493733966.0
2024-04-05,88182146119.0
2024-04-06,88011145023.0
2024-04-07,89016354072.0
2024-04-08,90351193712.0
2024-04-09,95245382053.0
2024-04-10,92134842412.0
2024-04-11,93051744469.0
2024-04-12,93598534587.0
2024-04-13,86032756602.0
2024-04-14,79229761767.0
2024-04-15,83678966785.0
2024-04-16,83366588440.0
2024-04-17,82430491262.0
2024-04-18,80761108156.0
2024-04-19,82736982400.0
2024-04-20,83486547674.0
2024-04-21,85829519937.0
2024-04-22,86026959490.0
2024-04-23,87434880489.0
2024-04-24,87959549676.0
2024-04-25,85445459295.0
2024-04-26,86067552684.0
2024-04-27,85195780620.0
2024-04-28,87193695768.0
2024-04-29,87526408688.0
2024-04-30,85839704871.0
2024-05-01,81301356753.0
2024-05-02,81179196703.0
2024-05-03,82421091663.0
2024-05-04,85704336767.0
2024-05-05,86401534895.0
2024-05-06,87062817593.0
2024-05-07,85696940843.0
2024-05-08,84623968193.0
2024-05-09,83042524004.0
2024-05-10,84623478555.0
2024-05-11,82354756835.0
2024-05-12,82651568596.0
2024-05-13,83052805587.0
2024-05-14,83151013246.0
2024-05-15,81697388705.0
2024-05-16,85411568372.0
2024-05-17,84597587673.0
2024-05-18,87566131875.0
2024-05-19,88180545725.0
2024-05-20,87248608641.0
2024-05-21,97063290879.0
2024-05-22,98647865939.0
2024-05-23,98906572298.0
2024-05-24,98190205938.0
2024-05-25,98164382861.0
2024-05-26,98725770878.0
2024-05-27,100276630924.0
2024-05-28,100886526782.0
2024-05-29,99861694981.0
2024-05-30,98551366064.0
2024-05-31,98385083932.0
2024-06-01,99183403171.0
2024-06-02,99966658424.0
2024-06-03,99699454120.0
2024-06-04,99548908843.0
2024-06-05,101092698481.0
2024-06-06,102308194020.0
2024-06-07,101540365065.0
2024-06-08,98993974587.0
2024-06-09,98424857609.0
2024-06-10,98861689591.0
2024-06-11,97404530156.0
2024-06-12,94817279533.0
2024-06-13,96406950239.0
2024-06-14,94506169458.0
2024-06-15,94099709178.0
2024-06-16,95478902813.0
2024-06-17,96292603366.0
2024-06-18,94149863463.0
2024-06-19,93025109415.0
2024-06-20,94060502653.0
2024-06-21,92319425710.0
2024-06-22,92638932420.0
2024-06-23,92868061408.0
2024-06-24,90484576042.0
2024-06-25,89136772412.0
2024-06-26,90794686116.0
2024-06-27,90012568552.0
2024-06-28,91051224630.0
2024-06-29,89270250282.0
2024-06-30,89523518263.0
2024-07-01,91189304233.0
2024-07-02,91709105739.0
2024-07-03,90721537212.0
2024-07-04,88197602889.0
2024-07-05,83857951598.0
2024-07-06,82253468553.0
2024-07-07,83395050589.0
2024-07-08,80789424271.0
2024-07-09,82821359767.0
2024-07-10,83906191303.0
2024-07-11,84601434879.0
2024-07-12,84752270133.0
2024-07-13,85233241988.0
2024-07-14,86483615297.0
2024-07-15,88811406559.0
2024-07-16,91878944700.0
2024-07-17,92724121378.0
2024-07-18,91961719496.0
2024-07-19,91808244247.0
2024-07-20,94507809711.0
2024-07-21,94972710244.0
2024-07-22,95469332657.0
2024-07-23,94558916012.0
2024-07-24,94388566940.0
2024-07-25,91503774640.0
2024-07-26,89944968215.0
2024-07-27,92434455562.0
2024-07-28,92700562943.0
2024-07-29,92857583017.0
2024-07-30,93604911740.0
2024-07-31,92183431918.0
2024-08-01,90545025179.0
2024-08-02,89557751097.0
2024-08-03,85278214614.0
2024-08-04,83004683403.0
2024-08-05,77214280929.0
2024-08-06,73003582897.0
2024-08-07,75385977995.0
2024-08-08,73115744949.0
2024-08-09,78869445640.0
2024-08-10,79114516349.0
2024-08-11,79503399155.0
2024-08-12,77469868925.0
2024-08-13,79212427305.0
2024-08-14,80734857454.0
2024-08-15,78907705104.0
2024-08-16,77955095855.0
2024-08-17,78908440083.0
2024-08-18,79169392290.0
2024-08-19,79796289748.0
2024-08-20,79776118086.0
2024-08-21,79574298803.0
2024-08-22,81119917215.0
2024-08-23,80832395539.0
2024-08-24,84896922852.0
2024-08-25,84572849083.0
2024-08-26,85005725672.0
2024-08-27,82942554790.0
2024-08-28,78100110963.0
2024-08-29,78566435708.0
2024-08-30,78598095372.0
2024-08-31,78445178422.0
2024-09-01,78228408730.0
2024-09-02,76535254077.0
2024-09-03,78634515971.0
2024-09-04,76629305850.0
2024-09-05,77396167350.0
2024-09-06,75804879579.0
2024-09-07,72335562753.0
2024-09-08,73619465666.0
2024-09-09,74528678799.0
2024-09-10,76602306540.0
2024-09-11,77099642383.0
2024-09-12,76572717390.0
2024-09-13,77299840568.0
2024-09-14,79820648369.0
2024-09-15,79117002624.0
2024-09-16,77692647087.0
2024-09-17,75915919354.0
2024-09-18,77599775635.0
2024-09-19,77609346197.0
2024-09-20,80501664190.0
2024-09-21,82506512973.0
2024-09-22,83113241339.0
2024-09-23,82449048106.0
2024-09-24,84289663707.0
2024-09-25,84948239098.0
2024-09-26,83399555727.0
2024-09-27,85491844461.0
2024-09-28,86624212737.0
2024-09-29,86077594527.0
2024-09-30,86118127254.0
2024-10-01,84387457138.0
2024-10-02,81120904472.0
2024-10-03,78791850520.0
2024-10-04,78527797875.0
2024-10-05,80495051559.0
2024-10-06,80194522989.0
2024-10-07,79724663321.0
2024-10-08,80229722690.0
2024-10-09,79411785026.0
2024-10-10,77826897530.0
2024-10-11,77656940106.0
2024-10-12,80346830751.0
2024-10-13,81400287117.0
2024-10-14,81131253299.0
2024-10-15,84649378152.0
2024-10-16,83700923586.0
2024-10-17,83644811192.0
2024-10-18,82432293569.0
2024-10-19,83205482525.0
2024-10-20,83263302310.0
2024-10-21,85319992505.0
2024-10-22,85433071596.0
2024-10-23,85428187186.0
2024-10-24,83407386226.0
2024-10-25,84773457540.0
2024-10-26,82471310575.0
2024-10-27,82781024162.0
2024-10-28,82871754660.0
2024-10-29,84328912318.0
2024-10-30,86299254796.0
2024-10-31,86754413749.0
2024-11-01,83727439729.0
2024-11-02,83610805476.0
2024-11-03,83141998815.0
2024-11-04,82466873906.0
2024-11-05,80657249747.0
2024-11-06,82399644591.0
2024-11-07,89527259110.0
2024-11-08,92270017406.0
2024-11-09,93629390404.0
2024-11-10,96708140024.0
2024-11-11,99250771747.0
2024-11-12,103864166988.0
2024-11-13,103355070018.0
2024-11-14,101948142133.0
2024-11-15,99466218156.0
2024-11-16,101612394795.0
2024-11-17,102586262822.0
2024-11-18,102081328762.0
2024-11-19,104622020691.0
2024-11-20,103340519668.0
2024-11-21,103030991697.0
2024-11-22,109774609395.0
2024-11-23,110237005065.0
2024-11-24,111974846248.0
2024-11-25,111544521171.0
2024-11-26,110051454677.0
2024-11-27,108567301504.0
2024-11-28,116983252175.0
2024-11-29,115789496319.0
2024-11-30,117491210598.0
2024-12-01,119803645640.0
2024-12-02,120258371171.0
2024-12-03,118665765230.0
2024-12-04,126811942624.0
2024-12-05,125493711185.0
2024-12-06,124441588595.0
2024-12-07,129699965915.0
2024-12-08,129931705327.0
2024-12-09,129805615334.0
2024-12-10,120163790479.0
2024-12-11,120138295565.0
2024-12-12,126746722061.0
2024-12-13,127975390669.0
2024-12-14,129007504869.0
2024-12-15,128061247290.0
2024-12-16,130974497861.0
2024-12-17,133189223888.0
2024-12-18,130425089103.0
2024-12-19,123721101416.0
2024-12-20,117774934692.0
2024-12-21,118049935872.0
2024-12-22,114715585049.0
2024-12-23,113932670233.0
2024-12-24,117630437913.0
2024-12-25,120735311522.0
2024-12-26,120724770044.0
2024-12-27,116428642525.0
2024-12-28,116047902237.0
2024-12-29,118351723083.0
2024-12-30,116779531038.0
2024-12-31,116015745962.0
2025-01-01,115547465523.0
2025-01-02,117266635381.0
2025-01-03,120052849464.0
2025-01-04,124260860607.0
2025-01-05,125515469161.0
2025-01-06,125198529475.0
2025-01-07,126830735869.0
2025-01-08,118607005684.0
2025-01-09,116788205172.0
2025-01-10,113722652535.0
2025-01-11,115989640562.0
2025-01-12,116535164579.0
2025-01-13,115395760575.0
2025-01-14,112941065159.0
2025-01-15,116136751570.0
2025-01-16,122286678500.0
2025-01-17,120008195111.0
2025-01-18,125019994783.0
2025-01-19,121993837781.0
2025-01-20,119239833459.0
2025-01-21,120174709938.0
2025-01-22,122958127318.0
2025-01-23,121720384185.0
2025-01-24,122750220586.0
2025-01-25,122409295586.0
2025-01-26,123270724804.0
2025-01-27,121082692743.0
2025-01-28,117820982104.0
2025-01-29,115538298920.0
2025-01-30,117630525999.0
2025-01-31,120837213953.0
2025-02-01,119765062213.0
2025-02-02,115242335258.0
2025-02-03,106910880054.0
2025-02-04,109749772270.0
2025-02-05,106029117211.0
2025-02-06,106792665393.0
2025-02-07,106462733437.0
2025-02-08,106013132848.0
2025-02-09,106791720828.0
2025-02-10,106826284418.0
2025-02-11,108364316634.0
2025-02-12,107055989556.0
2025-02-13,110807346427.0
2025-02-14,109346769208.0
2025-02-15,110356412638.0
2025-02-16,109900148765.0
2025-02-17,108998198506.0
2025-02-18,108830022684.0
2025-02-19,107125000212.0
2025-02-20,109014862921.0
2025-02-21,110353284701.0
2025-02-22,106972890123.0
2025-02-23,109044893505.0
2025-02-24,110342831440.0
2025-02-25,102521130599.0
2025-02-26,100711269642.0
2025-02-27,96060810752.0
2025-02-28,95828204514.0
2025-03-01,96137898747.0
2025-03-02,96518614311.0
2025-03-03,104749425772.0
2025-03-04,94677601148.0
2025-03-05,95188705454.0
2025-03-06,98209473660.0
2025-03-07,95917345751.0
2025-03-08,95329598676.0
2025-03-09,95925735421.0
2025-03-10,90303339134.0
2025-03-11,86445911204.0
2025-03-12,89004778490.0
2025-03-13,89388412310.0
2025-03-14,88694321707.0
2025-03-15,90930180069.0
2025-03-16,92143611733.0
2025-03-17,90399138410.0
2025-03-18,91788241854.0
2025-03-19,91779079831.0
2025-03-20,94533472716.0
2025-03-21,92111653532.0
2025-03-22,91996901668.0
2025-03-23,92647915949.0
2025-03-24,94305569095.0
2025-03-25,97575149511.0
2025-03-26,98437295942.0
2025-03-27,97110651151.0
2025-03-28,96748058496.0
2025-03-29,92901762978.0
2025-03-30,90717892428.0
2025-03-31,89488326294.0
2025-04-01,91578153307.0
2025-04-02,93297725605.0
2025-04-03,90548193353.0
2025-04-04,91304570865.0
2025-04-05,91822905096.0
2025-04-06,91443089523.0
2025-04-07,84647630983.0
2025-04-08,84240688588.0
2025-04-09,81954584415.0
2025-04-10,87690036846.0
2025-04-11,84172118730.0
2025-04-12,85830293010.0
2025-04-13,88038945470.0
2025-04-14,87182789281.0
2025-04-15,87253845934.0
2025-04-16,86845530778.0
2025-04-17,85953416030.0
2025-04-18,86190337251.0
2025-04-19,85735356203.0
2025-04-20,87031241219.0
2025-04-21,86673881264.0
2025-04-22,86041955652.0
2025-04-23,91569542287.0
2025-04-24,92835672597.0
2025-04-25,93770112306.0
2025-04-26,95944883770.0
2025-04-27,97008877224.0
2025-04-28,96291653967.0
2025-04-29,96842659708.0
2025-04-30,96125352207.0
2025-05-01,96000904769.0
2025-05-02,97922468568.0
2025-05-03,98494840668.0
2025-05-04,97919503208.0
2025-05-05,96945603788.0
2025-05-06,96526360418.0
2025-05-07,96541927533.0
2025-05-08,95614406239.0
2025-05-09,105418993300.0
2025-05-10,108413360189.0
2025-05-11,114480775116.0
2025-05-12,113082319395.0
2025-05-13,111214832668.0
2025-05-14,115539232472.0
2025-05-15,112767524079.0
2025-05-16,110686008295.0
2025-05-17,110747493569.0
2025-05-18,109605963156.0
2025-05-19,110422871053.0
2025-05-20,111549708966.0
2025-05-21,112300128986.0
2025-05-22,114283114981.0
2025-05-23,116526029101.0
2025-05-24,111949255293.0
2025-05-25,112130174922.0
2025-05-26,113302564877.0
2025-05-27,114088567540.0
2025-05-28,115971743147.0
2025-05-29,115636066695.0
2025-05-30,113058999988.0
2025-05-31,110015692570.0
2025-06-01,110210261712.0
2025-06-02,110910228033.0
2025-06-03,110415541238.0
2025-06-04,109820314316.0
2025-06-05,109836807802.0
2025-06-06,104930361567.0
2025-06-07,107258759589.0
2025-06-08,108923364710.0
2025-06-09,108812548862.0
2025-06-10,113071386026.0
2025-06-11,116325092624.0
2025-06-12,115535754183.0
2025-06-13,109852892757.0
2025-06-14,109875186208.0
2025-06-15,108876999543.0
2025-06-16,109213479924.0
2025-06-17,111466455767.0
2025-06-18,109765031164.0
2025-06-19,110165637510.0
2025-06-20,110175489523.0
2025-06-21,106753092346.0
2025-06-22,103509676472.0
2025-06-23,101000903935.0
2025-06-24,107004243391.0
2025-06-25,108659836913.0
2025-06-26,108492417527.0
2025-06-27,107194476211.0
2025-06-28,107639411857.0
2025-06-29,109239566187.0
2025-06-30,110837370737.0
2025-07-01,110424392058.0
2025-07-02,108232905099.0
2025-07-03,112023645418.0
2025-07-04,113563245102.0
2025-07-05,111319399892.0
2025-07-06,111880050706.0
2025-07-07,113318542054.0
2025-07-08,112261974535.0
2025-07-09,114189072413.0
2025-07-10,118095551660.0
2025-07-11,122879933422.0
2025-07-12,123345032270.0
2025-07-13,123078850681.0
2025-07-14,124451599312.0
2025-07-15,124891226265.0
2025-07-16,126543985665.0
2025-07-17,130140995832.0
2025-07-18,132263847978.0
2025-07-19,133733001657.0
2025-07-20,134715330592.0
2025-07-21,138472458799.0
2025-07-22,138429900206.0
2025-07-23,139900029383.0
2025-07-24,136477857675.0
2025-07-25,135969491290.0
2025-07-26,137894221582.0
2025-07-27,138696730415.0
2025-07-28,142417536389.0
2025-07-29,139392770270.0
2025-07-30,139021369961.0
2025-07-31,138814778484.0
2025-08-01,135813790442.0
2025-08-02,130765241653.0
2025-08-03,128450157292.0
2025-08-04,131970978384.0
2025-08-05,136452145171.0
2025-08-06,135201432655.0
2025-08-07,137346066252.0
2025-08-08,143561860553.0
2025-08-09,144666893103.0
2025-08-10,149270278431.0
2025-08-11,148939803743.0
2025-08-12,147779853234.0
2025-08-13,154698490790.0
2025-08-14,157926275271.0
2025-08-15,153195616299.0
2025-08-16,150417468423.0
2025-08-17,150561225763.0
2025-08-18,150915924560.0
2025-08-19,148206668378.0
2025-08-20,142858618200.0
2025-08-21,148136340157.0
2025-08-22,146876178537.0
2025-08-23,158263585101.0
2025-08-24,159451300199.0
2025-08-25,156550103325.0
2025-08-26,149707637304.0
2025-08-27,154159006447.0
2025-08-28,153729145195.0
2025-08-29,154971459486.0
2025-08-30,150933999427.0
2025-08-31,151206725864.0
2025-09-01,150806584553.0
2025-09-02,148721991660.0
2025-09-03,149887403913.0
2025-09-04,153380481702.0
2025-09-05,150319754173.0
2025-09-06,150843616434.0
2025-09-07,149941309324.0
2025-09-08,151506238581.0
2025-09-09,152367915584.0
2025-09-10,152374962565.0
2025-09-11,154374425736.0
2025-09-12,156961865044.0
2025-09-13,162275120800.0
2025-09-14,161606700695.0
2025-09-15,159730463736.0
2025-09-16,158145674643.0
2025-09-17,158095447341.0
2025-09-18,160684659113.0
2025-09-19,161500896002.0
2025-09-20,158830962041.0
2025-09-21,160385306720.0
2025-09-22,158470413497.0
2025-09-23,152766147432.0
2025-09-24,150714013804.0
2025-09-25,150929086110.0
2025-09-26,145720578478.0
2025-09-27,149028334417.0
2025-09-28,150271468272.0
2025-09-29,154191394952.0
2025-09-30,156097567548.0
2025-10-01,155406154940.0
2025-10-02,161410112431.0
2025-10-03,164726717174.0
2025-10-04,166197145701.0
2025-10-05,165833431201.0
2025-10-06,166806316172.0
2025-10-07,171150472712.0
2025-10-08,167272842188.0
2025-10-09,169052328623.0
2025-10-10,164835710649.0
2025-10-11,147733366640.0
2025-10-12,145735555225.0
2025-10-13,155818864495.0
2025-10-14,158997744591.0
2025-10-15,156030686017.0
2025-10-16,150998545019.0
2025-10-17,148136277537.0
2025-10-18,145606620473.0
2025-10-19,148548820650.0
2025-10-20,149000853648.0
2025-10-21,151082682651.0
2025-10-22,147670792041.0
2025-10-23,144996104699.0
2025-10-24,147052613926.0
2025-10-25,149292095642.0
2025-10-26,149638681581.0
2025-10-27,154938618257.0
2025-10-28,154169403315.0
2025-10-29,151109349062.0
2025-10-30,149944567976.0
2025-10-31,146902835286.0
2025-11-01,147548403078.0
2025-11-02,147593555105.0
2025-11-03,147819024663.0
2025-11-04,139427641484.0
2025-11-05,129364304283.0
2025-11-06,130523665707.0
2025-11-07,127838066247.0
2025-11-08,130470576708.0
2025-11-09,129384336997.0
2025-11-10,133566224012.0
2025-11-11,133774157358.0
2025-11-12,129915642285.0
2025-11-13,129464913002.0
2025-11-14,126606116672.0
2025-11-15,124103943670.0
2025-11-16,124241786740.0
2025-11-17,121399153061.0
2025-11-18,119041626729.0
2025-11-19,121990148256.0
2025-11-20,119642158288.0
2025-11-21,115640205599.0
2025-11-22,111970802342.0
2025-11-23,110523274353.0
2025-11-24,112244037313.0
2025-11-25,116008281344.0
2025-11-26,116133939982.0
2025-11-27,118531323281.0
2025-11-28,118186372114.0
2025-11-29,118093868899.0
2025-11-30,116816657490.0
2025-12-01,115784559841.0
2025-12-02,111527036779.0
2025-12-03,116519180710.0
2025-12-04,120854984861.0
2025-12-05,119287111799.0
2025-12-06,117076672350.0
2025-12-07,117031918360.0
2025-12-08,117454234728.0
2025-12-09,118110870985.0
2025-12-10,121733705402.0
2025-12-11,120801741566.0
2025-12-12,120387699212.0
2025-12-13,118610592138.0
2025-12-14,119322061976.0
2025-12-15,118945014480.0
2025-12-16,115795825374.0
2025-12-17,116749341572.0
2025-12-18,113872038019.0
2025-12-19,113307573103.0
2025-12-20,116421195873.0
2025-12-21,116880659896.0
2025-12-22,117681645503.0
2025-12-23,117247381236.0
2025-12-24,114941278876.0
2025-12-25,115170785128.0
2025-12-26,114409928198.0
2025-12-27,114396825343.0
2025-12-28,115004690674.0
2025-12-29,115444373839.0
2025-12-30,113586208085.0
2025-12-31,113397731247.0
2026-01-01,114444265239.0
2026-01-02,116907619874.0
2026-01-03,119198510818.0
2026-01-04,120578352610.0
2026-01-05,121355409736.0
2026-01-06,123881368005.0
2026-01-07,124627042536.0
2026-01-08,121404564814.0
2026-01-09,119585960918.0
2026-01-10,118722291013.0
2026-01-11,119764145443.0
2026-01-12,120575047679.0
2026-01-13,119149125066.0
2026-01-14,125795147104.0
2026-01-15,127370816417.0
2026-01-16,126297701917.0
2026-01-17,126471090351.0
2026-01-18,127383606574.0
2026-01-19,124740557043.0
2026-01-20,124201567376.0
2026-01-21,117202473460.0
2026-01-22,118347650345.0
2026-01-23,117716604836.0
2026-01-24,117581974032.0
2026-01-25,118186697350.0
2026-01-26,114444827634.0
2026-01-27,117543067445.0
2026-01-28,119247099064.0
2026-01-29,119409380225.0
2026-01-30,114300620160.0
2026-01-31,112193369849.0
2026-02-01,105838028831.0
2026-02-02,102066011877.0
2026-02-03,103442214482.0
2026-02-04,101784127594.0
2026-02-05,99057234907.0
2026-02-06,88815559042.0
2026-02-07,94876112492.0
2026-02-08,96317622576.0
2026-02-09,96832441361.0
2026-02-10,96572146603.0
2026-02-11,94695989847.0
2026-02-12,93441520480.0
2026-02-13,93041914943.0
2026-02-14,95238694806.0
2026-02-15,95969921611.0
2026-02-16,94025000518.0
2026-02-17,94313238015.0
2026-02-18,93880690373.0
2026-02-19,91023705502.0
2026-02-20,91304781966.0
2026-02-21,91233559089.0
2026-02-22,91517812488.0
2026-02-23,90600120022.0
2026-02-24,87786439386.0
2026-02-25,87533138619.0
2026-02-26,92221427382.0
2026-02-27,91673664125.0
2026-02-28,89633108017.0
2026-03-01,90328166510.0
2026-03-02,89401939225.0
2026-03-03,91760647307.0
2026-03-04,90380655355.0
2026-03-05,94420676345.0
2026-03-06,93847586768.0
2026-03-07,91511278406.0
2026-03-08,91504576954.0
2026-03-09,91309604964.0
2026-03-10,93232409735.0
2026-03-11,93420645851.0
2026-03-12,92905553385.0
2026-03-13,94291066240.0
2026-03-14,93895928431.0
2026-03-15,94608698483.0
2026-03-16,96376002762.0
2026-03-17,99060230630.0
2026-03-18,98598590906.0
2026-03-19,95244469397.0
2026-03-20,93437182122.0
2026-03-21,94794273531.0
2026-03-22,93903037027.0
2026-03-23,91499731997.0
2026-03-24,93929944810.0
2026-03-25,94161191243.0
2026-03-26,94973726166.0
2026-03-27,92288158743.0
2026-03-28,90653107309.0
2026-03-29,90841215883.0
2026-03-30,90859817148.0
2026-03-31,90933318680.0
2026-04-01,93233261289.0
2026-04-02,92467414846.0
2026-04-03,90832360742.0
2026-04-04,90424018161.0
2026-04-05,90913401198.0
2026-04-06,92280343754.0
2026-04-07,90537306769.0
2026-04-08,93855303458.0
2026-04-09,93012689276.0
2026-04-10,93653526400.0
2026-04-11,94859197285.0
2026-04-12,95512178691.0
2026-04-13,93173414581.0
2026-04-14,97185545903.0
2026-04-15,96608906238.0
2026-04-16,96587008426.0
2026-04-17,96687080465.0
2026-04-18,97893650272.0
2026-04-19,91288376915.0
2026-04-20,84469662512.0
2026-04-21,83992607210.0
2026-04-22,83963928363.0
2026-04-23,84746297590.0
2026-04-24,83370680533.0
2026-04-25,82433558390.0
2026-04-26,82932075495.0
2026-04-27,84110191275.0
2026-04-28,82545280587.0
2026-04-29,82016200633.0
2026-04-30,82127930611.0
2026-05-01,82305209276.0
2026-05-02,82806334570.0
2026-05-03,83497893858.0
2026-05-04,83731475615.0
2026-05-05,83836556943.0
2026-05-06,84446569772.0
2026-05-07,84372947747.0
2026-05-08,83654214395.0
2026-05-09,83933180542.0
2026-05-10,84178674929.0
2026-05-11,85253260582.0
2026-05-12,84758123593.0
2026-05-13,84116244311.0
2026-05-14,83474699495.0
2026-05-15,84432357164.0
2026-05-16,83081482826.0
2026-05-17,82124515845.0
2026-05-18,81186756124.0
2026-05-19,80782557840.0
2026-05-20,80098396284.0
2026-05-21,80660925399.0
2026-05-22,81013219348.0
2026-05-23,79629863153.0
2026-05-24,80819937877.0
2026-05-25,80610240950.0
2026-05-26,81061363687.0
2026-05-27,79801115101.0
2026-05-28,79394654827.0
2026-05-29,79095401740.0
2026-05-30,78614316137.0
2026-05-31,79294712299.0
2026-06-01,79132942345.0
2026-06-02,78196548951.0
2026-06-03,74270739498.0
2026-06-04,73516298645.0
2026-06-05,72570173430.0
2026-06-06,68710562402.0
2026-06-07,68488332378.0
2026-06-08,71097055482.0
2026-06-09,70780809091.0
2026-06-10,69509588155.0
2026-06-11,68655101382.0
2026-06-12,70010779284.0
2026-06-13,70445150851.0
2026-06-14,71183340045.0
2026-06-15,72271963873.0
2026-06-16,72977363874.0
2026-06-17,73466814007.0
2026-06-18,72328462376.0
2026-06-19,71248285986.0
2026-06-20,71432490290.0
2026-06-21,72131651655.0
2026-06-22,71268550101.0
2026-06-23,72068515613.0
2026-06-24,70731632048.0
2026-06-25,69208521274.0
2026-06-26,68586668046.0
2026-06-27,68965394915.0
2026-06-28,69084587984.0
2026-06-29,68715227475.0
2026-06-30,69191998510.0
2026-07-01,68195633393.0
2026-07-02,69205198713.0
2026-07-03,71526909039.0
2026-07-04,72815665350.0
2026-07-05,72994177236.0
2026-07-06,73362101597.0
2026-07-07,73568130448.0
2026-07-08,72228181053.0
2026-07-09,71303988245.0
2026-07-10,71269819781.0
2026-07-11,72911194781.0
2026-07-12,72269479416.0
2026-07-13,72394678882.0
2026-07-14,71825021507.0
2026-07-15,74185310077.0
2026-07-16,74393404357.0
2026-07-17,73968624746.0
2026-07-18,74012797741.0
2026-07-19,74562963685.0
2026-07-20,74416279110.0
2026-07-21,75538120018.0
2026-07-22,76292181308.0
2026-07-23,75865518825.0
2026-07-24,74749213682.0
2026-07-25,74331425800.0
2026-07-26,74649224595.0
2026-07-27,75567011476.0
2026-07-28,73912140010.0
2026-07-29,74555872662.0
2026-07-30,74183833253.0
2026-07-31,74239710253.0
2026-08-01,72905813038.0
2026-08-02,72514975590.0
2026-08-03,73245439145.0
2026-08-04,72716288904.0
2026-08-05,73648782064.0
2026-08-06,74127122607.0
2026-08-07,73983552808.0
2026-08-08,74274103284.0
2026-08-09,74570402433.0
2026-08-10,74556700176.0
2026-08-11,74018705723.0
2026-08-12,73761621176.0
2026-08-13,73812568535.0
2026-08-14,73591492537.0
2026-08-15,73327578002.0
2026-08-16,73689414769.0
2026-08-17,73599016814.0
2026-08-18,74474243654.0
2026-08-19,74953922395.0
2026-08-20,80783305418.0
2026-08-21,83208444277.0
2026-08-22,86745191976.0
2026-08-23,85798027359.0
2026-08-24,86178918048.0
2026-08-25,86508280328.0
2026-08-26,85981787306.0
2026-08-27,87272888307.0
2026-08-28,88095054722.0
2026-08-29,86363680968.0
2026-08-30,86604380143.0
2026-08-31,85673577693.0
2026-09-01,86896289483.0
2026-09-02,85343664886.0
2026-09-03,85331172824.0
2026-09-04,88513169853.0
2026-09-05,87259419303.0
2026-09-06,88277776442.0
2026-09-07,88909555844.0
2026-09-08,88307946309.0
2026-09-09,88330957679.0
2026-09-10,87328821574.0
2026-09-11,86563186829.0
2026-09-12,88109678313.0
2026-09-13,88612639900.0
2026-09-14,87390927515.0
2026-09-15,88836225298.0
2026-09-16,86043776925.0
2026-09-17,87118466111.0
2026-09-18,88164427466.0
2026-09-19,92843919818.0
2026-09-20,93169350927.0
2026-09-21,94137129384.0
2026-09-22,96385141531.0
2026-09-23,96434603797.0
2026-09-24,94897717636.0
2026-09-25,95164027785.0
2026-09-26,95477816447.0
2026-09-27,95518077522.0
2026-09-28,95481288834.0
2026-09-29,94782744707.0
2026-09-30,94754972092.0
2026-10-01,94792848653.0
2026-10-02,95175038943.0
2026-10-03,94992511787.0
2026-10-04,95243892432.0
2026-10-05,96146822865.0
