date,tvl
2021-03-17,148988798.0
2021-03-18,153204289.0
2021-03-19,147690914.0
2021-03-20,151935325.0
2021-03-21,152981122.0
2021-03-22,162065403.0
2021-03-23,156101311.0
2021-03-24,144439504.0
2021-03-25,135610450.0
2021-03-26,147786656.0
2021-03-27,172583244.0
2021-03-28,189014228.0
2021-03-29,202157669.0
2021-03-30,209794033.0
2021-03-31,216074736.0
2021-04-01,236083655.0
2021-04-02,236307232.0
2021-04-03,236512420.0
2021-04-04,236284645.0
2021-04-05,272660066.0
2021-04-06,272946157.0
2021-04-07,268548272.0
2021-04-08,279360808.0
2021-04-09,295059875.0
2021-04-10,331615408.0
2021-04-11,647663929.0
2021-04-12,739231459.0
2021-04-13,725758618.0
2021-04-14,789910959.0
2021-04-15,845558717.0
2021-04-16,832102238.0
2021-04-17,824749593.0
2021-04-18,729827260.0
2021-04-19,753461958.0
2021-04-20,678987265.0
2021-04-21,829807234.0
2021-04-22,857179023.0
2021-04-23,942962155.0
2021-04-24,901520179.0
2021-04-25,916232747.0
2021-04-26,1071510889.0
2021-04-27,1276876824.0
2021-04-28,1329907800.0
2021-04-29,1324521673.0
2021-04-30,1251992491.0
2021-05-01,1355545854.0
2021-05-02,1490183131.0
2021-05-03,1561282761.0
2021-05-04,1575814658.0
2021-05-05,1527816049.0
2021-05-06,1559507954.0
2021-05-07,1557256030.0
2021-05-08,1567358430.0
2021-05-09,1619266143.0
2021-05-10,1634582566.0
2021-05-11,1582705608.0
2021-05-12,1596631428.0
2021-05-13,1435048916.0
2021-05-14,1496478540.0
2021-05-15,1382212605.0
2021-05-16,1549574579.0
2021-05-17,1125804868.0
2021-05-18,1296947874.0
2021-05-19,875150588.0
2021-05-20,973602542.0
2021-05-21,715568965.0
2021-05-22,790006618.0
2021-05-23,658552593.0
2021-05-24,768757432.0
2021-05-25,612657114.0
2021-05-26,857310002.0
2021-05-27,850953177.0
2021-05-28,791685442.0
2021-05-29,736826756.0
2021-05-30,813407821.0
2021-05-31,880378004.0
2021-06-01,670808190.0
2021-06-02,848207713.0
2021-06-03,760054301.0
2021-06-04,740082595.0
2021-06-05,725056470.0
2021-06-06,742389346.0
2021-06-07,735811188.0
2021-06-08,691338751.0
2021-06-09,661518860.0
2021-06-10,562607615.0
2021-06-11,556162146.0
2021-06-12,534624148.0
2021-06-13,541039253.0
2021-06-14,556519807.0
2021-06-15,584211544.0
2021-06-16,547748099.0
2021-06-17,540478965.0
2021-06-18,516185477.0
2021-06-19,502604659.0
2021-06-20,506128155.0
2021-06-21,466164686.0
2021-06-22,447502806.0
2021-06-23,444512249.0
2021-06-24,448430968.0
2021-06-25,451721654.0
2021-06-26,423082407.0
2021-06-27,449526718.0
2021-06-28,463489716.0
2021-06-29,479139300.0
2021-06-30,491278563.0
2021-07-01,507472546.0
2021-07-02,790560134.0
2021-07-03,869787883.0
2021-07-04,873447775.0
2021-07-05,853035678.0
2021-07-06,885504288.0
2021-07-07,898078492.0
2021-07-08,855072856.0
2021-07-09,858662277.0
2021-07-10,848788419.0
2021-07-11,855127871.0
2021-07-12,832663878.0
2021-07-13,822681126.0
2021-07-14,831885719.0
2021-07-15,785680901.0
2021-07-16,781718509.0
2021-07-17,876082630.0
2021-07-18,886311874.0
2021-07-19,861778925.0
2021-07-20,854373926.0
2021-07-21,891610557.0
2021-07-22,919195017.0
2021-07-23,949581083.0
2021-07-24,970500585.0
2021-07-25,986521609.0
2021-07-26,997549981.0
2021-07-27,1023543513.0
2021-07-28,1066854851.0
2021-07-29,1135937952.0
2021-07-30,1192566473.0
2021-07-31,1244169934.0
2021-08-01,1204468607.0
2021-08-02,1235666585.0
2021-08-03,1245829134.0
2021-08-04,1290175469.0
2021-08-05,1364332725.0
2021-08-06,1314146303.0
2021-08-07,1327362329.0
2021-08-08,1304155428.0
2021-08-09,1361913466.0
2021-08-10,1343991879.0
2021-08-11,1343516825.0
2021-08-12,1403995543.0
2021-08-13,1463836340.0
2021-08-14,1508051128.0
2021-08-15,1631699574.0
2021-08-16,1729658494.0
2021-08-17,1786087699.0
2021-08-18,1997161281.0
2021-08-19,2103736573.0
2021-08-20,2274158627.0
2021-08-21,2275112735.0
2021-08-22,2218000709.0
2021-08-23,2250117206.0
2021-08-24,2204595033.0
2021-08-25,2193191447.0
2021-08-26,2253275462.0
2021-08-27,2439598288.0
2021-08-28,2567798841.0
2021-08-29,2593429466.0
2021-08-30,2709652837.0
2021-08-31,2735864216.0
2021-09-01,2877963189.0
2021-09-02,3029584099.0
2021-09-03,3191574878.0
2021-09-04,3328505721.0
2021-09-05,3546418518.0
2021-09-06,4208649902.0
2021-09-07,3966327656.0
2021-09-08,4816807931.0
2021-09-09,5658526091.0
2021-09-10,6350729997.0
2021-09-11,6694664395.0
2021-09-12,7604633492.0
2021-09-13,7326415290.0
2021-09-14,7151040149.0
2021-09-15,7131258837.0
2021-09-16,6704300350.0
2021-09-17,6483722696.0
2021-09-18,7201356137.0
2021-09-19,6882391944.0
2021-09-20,5953651385.0
2021-09-21,5543049946.0
2021-09-22,6276025425.0
2021-09-23,6556372861.0
2021-09-24,6268148421.0
2021-09-25,6353408537.0
2021-09-26,6342540190.0
2021-09-27,6323728768.0
2021-09-28,6147041840.0
2021-09-29,6277367087.0
2021-09-30,6617236505.0
2021-10-01,7114242817.0
2021-10-02,7220803330.0
2021-10-03,7441217915.0
2021-10-04,7300749820.0
2021-10-05,7270422667.0
2021-10-06,6900156538.0
2021-10-07,6649879818.0
2021-10-08,6650989615.0
2021-10-09,6668108737.0
2021-10-10,6535290908.0
2021-10-11,6552348938.0
2021-10-12,6623123168.0
2021-10-13,7787820635.0
2021-10-14,7865264964.0
2021-10-15,7534917475.0
2021-10-16,7621040592.0
2021-10-17,7925872554.0
2021-10-18,7640107857.0
2021-10-19,7461956613.0
2021-10-20,7466363059.0
2021-10-21,7933436821.0
2021-10-22,7868042413.0
2021-10-23,7707026730.0
2021-10-24,8115070507.0
2021-10-25,8183788321.0
2021-10-26,8449789045.0
2021-10-27,8219139877.0
2021-10-28,7726205440.0
2021-10-29,8027081125.0
2021-10-30,7920353255.0
2021-10-31,7853513235.0
2021-11-01,8115703748.0
2021-11-02,8115212180.0
2021-11-03,8526959834.0
2021-11-04,9794133173.0
2021-11-05,9804364557.0
2021-11-06,9659963037.0
2021-11-07,9961743713.0
2021-11-08,9933530531.0
2021-11-09,10027276058.0
2021-11-10,9708705937.0
2021-11-11,9305929286.0
2021-11-12,9610132340.0
2021-11-13,9509495458.0
2021-11-14,9676660601.0
2021-11-15,9597029012.0
2021-11-16,9400644816.0
2021-11-17,8934429975.0
2021-11-18,8963456377.0
2021-11-19,8284863411.0
2021-11-20,8734078017.0
2021-11-21,8721983483.0
2021-11-22,8701078197.0
2021-11-23,8333533673.0
2021-11-24,8436786678.0
2021-11-25,8548154789.0
2021-11-26,8558940009.0
2021-11-27,7975727436.0
2021-11-28,7977267278.0
2021-11-29,8213629197.0
2021-11-30,8423492804.0
2021-12-01,8477726900.0
2021-12-02,8690625487.0
2021-12-03,8573321674.0
2021-12-04,8217718286.0
2021-12-05,7228674575.0
2021-12-06,7090293935.0
2021-12-07,7090818319.0
2021-12-08,7024538846.0
2021-12-09,7232216943.0
2021-12-10,6951538211.0
2021-12-11,6358872890.0
2021-12-12,6478340403.0
2021-12-13,6562382733.0
2021-12-14,6368195884.0
2021-12-15,6448505134.0
2021-12-16,6774841742.0
2021-12-17,6736445335.0
2021-12-18,6598505688.0
2021-12-19,6914154542.0
2021-12-20,6833148072.0
2021-12-21,6626928722.0
2021-12-22,6822615143.0
2021-12-23,6777634406.0
2021-12-24,7089737850.0
2021-12-25,7064679087.0
2021-12-26,7023307330.0
2021-12-27,7140271136.0
2021-12-28,7050882480.0
2021-12-29,6732377650.0
2021-12-30,6561190253.0
2021-12-31,6432190593.0
2022-01-01,6559829856.0
2022-01-02,6700501937.0
2022-01-03,6704021952.0
2022-01-04,6517690974.0
2022-01-05,6593987447.0
2022-01-06,6238078126.0
2022-01-07,6002713804.0
2022-01-08,5518693723.0
2022-01-09,5382213690.0
2022-01-10,5476959880.0
2022-01-11,5223230801.0
2022-01-12,5341695413.0
2022-01-13,5472717669.0
2022-01-14,5311961489.0
2022-01-15,5392655938.0
2022-01-16,5518692262.0
2022-01-17,5559393537.0
2022-01-18,5491635457.0
2022-01-19,5487748614.0
2022-01-20,5613992223.0
2022-01-21,5399515576.0
2022-01-22,4843182721.0
2022-01-23,4514168198.0
2022-01-24,4466301676.0
2022-01-25,4376219740.0
2022-01-26,4467853090.0
2022-01-27,4485182525.0
2022-01-28,4429324066.0
2022-01-29,4590744235.0
2022-01-30,4730291107.0
2022-01-31,4600023965.0
2022-02-01,4751626794.0
2022-02-02,4929584825.0
2022-02-03,4223013963.0
2022-02-04,4410536014.0
2022-02-05,4785167923.0
2022-02-06,4875181830.0
2022-02-07,4840454317.0
2022-02-08,4915969584.0
2022-02-09,4860926395.0
2022-02-10,5090786283.0
2022-02-11,4895276509.0
2022-02-12,4686624486.0
2022-02-13,4623671635.0
2022-02-14,4587772050.0
2022-02-15,4634247200.0
2022-02-16,4777078817.0
2022-02-17,4706100610.0
2022-02-18,4573603903.0
2022-02-19,4494109740.0
2022-02-20,4441454304.0
2022-02-21,4452219037.0
2022-02-22,4327820079.0
2022-02-23,4319769339.0
2022-02-24,4170613845.0
2022-02-25,4254827322.0
2022-02-26,4295698123.0
2022-02-27,4272832360.0
2022-02-28,4085776340.0
2022-03-01,4409302548.0
2022-03-02,4358228042.0
2022-03-03,4297796873.0
2022-03-04,4184239542.0
2022-03-05,4085354776.0
2022-03-06,4054125002.0
2022-03-07,4052971283.0
2022-03-08,3965703556.0
2022-03-09,3928900001.0
2022-03-10,4137838843.0
2022-03-11,3951124719.0
2022-03-12,4155248962.0
2022-03-13,4249152047.0
2022-03-14,3989486056.0
2022-03-15,4221273115.0
2022-03-16,4170711031.0
2022-03-17,4205653757.0
2022-03-18,4109065053.0
2022-03-19,4387202498.0
2022-03-20,4324845347.0
2022-03-21,4223037741.0
2022-03-22,4241576802.0
2022-03-23,4091108110.0
2022-03-24,4121617332.0
2022-03-25,4148626289.0
2022-03-26,4068416159.0
2022-03-27,4302593105.0
2022-03-28,4249579831.0
2022-03-29,4337223936.0
2022-03-30,4273232601.0
2022-03-31,4447464439.0
2022-04-01,4481773935.0
2022-04-02,4731102037.0
2022-04-03,4731619939.0
2022-04-04,4808549261.0
2022-04-05,4825021968.0
2022-04-06,4596447269.0
2022-04-07,4381090584.0
2022-04-08,4024894118.0
2022-04-09,4053305493.0
2022-04-10,4106559764.0
2022-04-11,4075997437.0
2022-04-12,3850908985.0
2022-04-13,3860577821.0
2022-04-14,4089541250.0
2022-04-15,3971780747.0
2022-04-16,4027227902.0
2022-04-17,3975970069.0
2022-04-18,3890719398.0
2022-04-19,4059997833.0
2022-04-20,4103747231.0
2022-04-21,4016856795.0
2022-04-22,3952371780.0
2022-04-23,3842766127.0
2022-04-24,3965697713.0
2022-04-25,3806204017.0
2022-04-26,3948776649.0
2022-04-27,3767772455.0
2022-04-28,3899913937.0
2022-04-29,3882353190.0
2022-04-30,3838258579.0
2022-05-01,3555628093.0
2022-05-02,3632275189.0
2022-05-03,3644027511.0
2022-05-04,3654803356.0
2022-05-05,3775014567.0
2022-05-06,3607987045.0
2022-05-07,3575335096.0
2022-05-08,3531183252.0
2022-05-09,3406626647.0
2022-05-10,2977807176.0
2022-05-11,3013958516.0
2022-05-12,2646294386.0
2022-05-13,2504459607.0
2022-05-14,2507642131.0
2022-05-15,2573223090.0
2022-05-16,2736899436.0
2022-05-17,2709082290.0
2022-05-18,2760557698.0
2022-05-19,2689164260.0
2022-05-20,2752041452.0
2022-05-21,2611117390.0
2022-05-22,2646259317.0
2022-05-23,2701752751.0
2022-05-24,2690204545.0
2022-05-25,2645229346.0
2022-05-26,2627012060.0
2022-05-27,2544374976.0
2022-05-28,2435185792.0
2022-05-29,2476559892.0
2022-05-30,2512781627.0
2022-05-31,2520917518.0
2022-06-01,2511483228.0
2022-06-02,2440606911.0
2022-06-03,2372493132.0
2022-06-04,2399596224.0
2022-06-05,2395477475.0
2022-06-06,2339879041.0
2022-06-07,2366949034.0
2022-06-08,2356903832.0
2022-06-09,2487731837.0
2022-06-10,2461343569.0
2022-06-11,2409347918.0
2022-06-12,2276101237.0
2022-06-13,2094418261.0
2022-06-14,1899145884.0
2022-06-15,1898304377.0
2022-06-16,1791545957.0
2022-06-17,1601845745.0
2022-06-18,1690729235.0
2022-06-19,1606205418.0
2022-06-20,1647931628.0
2022-06-21,1630951494.0
2022-06-22,1646436945.0
2022-06-23,1632932358.0
2022-06-24,1658645227.0
2022-06-25,1714779635.0
2022-06-26,1717098544.0
2022-06-27,1664372611.0
2022-06-28,1673138874.0
2022-06-29,1656030879.0
2022-06-30,1607607784.0
2022-07-01,1558848754.0
2022-07-02,1532175498.0
2022-07-03,1571752658.0
2022-07-04,1579477581.0
2022-07-05,1599575859.0
2022-07-06,1580541536.0
2022-07-07,1652542224.0
2022-07-08,1729678199.0
2022-07-09,1717467234.0
2022-07-10,1708185958.0
2022-07-11,1635696117.0
2022-07-12,1559041270.0
2022-07-13,1586717730.0
2022-07-14,1606591440.0
2022-07-15,1580509699.0
2022-07-16,1605350608.0
2022-07-17,1691261715.0
2022-07-18,1671971281.0
2022-07-19,1776919065.0
2022-07-20,1774892826.0
2022-07-21,1732487796.0
2022-07-22,1733323158.0
2022-07-23,1686025153.0
2022-07-24,1670639036.0
2022-07-25,1680230556.0
2022-07-26,1644083269.0
2022-07-27,1600516567.0
2022-07-28,1678542821.0
2022-07-29,1702124911.0
2022-07-30,1692142371.0
2022-07-31,1713590611.0
2022-08-01,1697453858.0
2022-08-02,1693096348.0
2022-08-03,1606737910.0
2022-08-04,1569868450.0
2022-08-05,1574929417.0
2022-08-06,1605909437.0
2022-08-07,1606807421.0
2022-08-08,1622775491.0
2022-08-09,1642443658.0
2022-08-10,1506741800.0
2022-08-11,1541137496.0
2022-08-12,1523879038.0
2022-08-13,1565506395.0
2022-08-14,1588639973.0
2022-08-15,1561108660.0
2022-08-16,1558492668.0
2022-08-17,1648984182.0
2022-08-18,1576367092.0
2022-08-19,1560502838.0
2022-08-20,1487288128.0
2022-08-21,1506411743.0
2022-08-22,1515109802.0
2022-08-23,1493698763.0
2022-08-24,1473695585.0
2022-08-25,1462921029.0
2022-08-26,1501106781.0
2022-08-27,1420839823.0
2022-08-28,1450843963.0
2022-08-29,1382588994.0
2022-08-30,1414620090.0
2022-08-31,1401972084.0
2022-09-01,1371489615.0
2022-09-02,1452465726.0
2022-09-03,1369991705.0
2022-09-04,1415908447.0
2022-09-05,1407165042.0
2022-09-06,1418234940.0
2022-09-07,1377692012.0
2022-09-08,1389364492.0
2022-09-09,1403517184.0
2022-09-10,1338159887.0
2022-09-11,1344041371.0
2022-09-12,1305556799.0
2022-09-13,1384822264.0
2022-09-14,1286336770.0
2022-09-15,1299645601.0
2022-09-16,1251295619.0
2022-09-17,1276576438.0
2022-09-18,1298551002.0
2022-09-19,1242792293.0
2022-09-20,1273962278.0
2022-09-21,1255042992.0
2022-09-22,1230721169.0
2022-09-23,1269175263.0
2022-09-24,1275982288.0
2022-09-25,1256333713.0
2022-09-26,1270032082.0
2022-09-27,1286929221.0
2022-09-28,1285093808.0
2022-09-29,1289996405.0
2022-09-30,1298503484.0
2022-10-01,1280404321.0
2022-10-02,1279312646.0
2022-10-03,1270382348.0
2022-10-04,1286867525.0
2022-10-05,1301808459.0
2022-10-06,1282079205.0
2022-10-07,1289478239.0
2022-10-08,1278492000.0
2022-10-09,1275999675.0
2022-10-10,1285395957.0
2022-10-11,1260822439.0
2022-10-12,1097987577.0
2022-10-13,939327583.0
2022-10-14,885341857.0
2022-10-15,878853071.0
2022-10-16,876726167.0
2022-10-17,935299998.0
2022-10-18,890560705.0
2022-10-19,883295441.0
2022-10-20,876381631.0
2022-10-21,870019799.0
2022-10-22,878794512.0
2022-10-23,882953698.0
2022-10-24,908287367.0
2022-10-25,897639211.0
2022-10-26,936027994.0
2022-10-27,959491837.0
2022-10-28,959600319.0
2022-10-29,967645557.0
2022-10-30,985235496.0
2022-10-31,974475788.0
2022-11-01,964956149.0
2022-11-02,961633286.0
2022-11-03,982030188.0
2022-11-04,943510595.0
2022-11-05,966892803.0
2022-11-06,1004248611.0
2022-11-07,940593128.0
2022-11-08,859226292.0
2022-11-09,629377056.0
2022-11-10,426594602.0
2022-11-11,461964842.0
2022-11-12,392982138.0
2022-11-13,343984997.0
2022-11-14,325945088.0
2022-11-15,324799576.0
2022-11-16,331352723.0
2022-11-17,339352328.0
2022-11-18,314943577.0
2022-11-19,296452297.0
2022-11-20,294605302.0
2022-11-21,293192137.0
2022-11-22,287991520.0
2022-11-23,288594258.0
2022-11-24,286240112.0
2022-11-25,285847100.0
2022-11-26,286210404.0
2022-11-27,284798018.0
2022-11-28,285049308.0
2022-11-29,283014542.0
2022-11-30,284789709.0
2022-12-01,286326331.0
2022-12-02,305971283.0
2022-12-03,304861868.0
2022-12-04,294281912.0
2022-12-05,294963352.0
2022-12-06,296608246.0
2022-12-07,296120617.0
2022-12-08,296576603.0
2022-12-09,294224640.0
2022-12-10,295102439.0
2022-12-11,294852840.0
2022-12-12,293011160.0
2022-12-13,291961905.0
2022-12-14,294356351.0
2022-12-15,294430993.0
2022-12-16,294257635.0
2022-12-17,263482688.0
2022-12-18,262059709.0
2022-12-19,259387456.0
2022-12-20,258230899.0
2022-12-21,245493859.0
2022-12-22,245092129.0
2022-12-23,233793683.0
2022-12-24,223161057.0
2022-12-25,222585745.0
2022-12-26,222095244.0
2022-12-27,219605426.0
2022-12-28,217914557.0
2022-12-29,232157758.0
2022-12-30,211046695.0
2022-12-31,210349576.0
2023-01-01,210474938.0
2023-01-02,210076888.0
2023-01-03,217225787.0
2023-01-04,230793962.0
2023-01-05,232996701.0
2023-01-06,233888868.0
2023-01-07,233644901.0
2023-01-08,232866187.0
2023-01-09,247500416.0
2023-01-10,248508121.0
2023-01-11,246248697.0
2023-01-12,251287156.0
2023-01-13,250297875.0
2023-01-14,265348961.0
2023-01-15,283929540.0
2023-01-16,282770642.0
2023-01-17,278088562.0
2023-01-18,276355209.0
2023-01-19,256877714.0
2023-01-20,258352149.0
2023-01-21,275932479.0
2023-01-22,273394057.0
2023-01-23,271944752.0
2023-01-24,270234215.0
2023-01-25,264691879.0
2023-01-26,283305455.0
2023-01-27,253001158.0
2023-01-28,269074964.0
2023-01-29,266407540.0
2023-01-30,274436767.0
2023-01-31,262694671.0
2023-02-01,262638638.0
2023-02-02,269655192.0
2023-02-03,264221742.0
2023-02-04,266719448.0
2023-02-05,263572547.0
2023-02-06,262677929.0
2023-02-07,257706362.0
2023-02-08,262292967.0
2023-02-09,258288831.0
2023-02-10,245130116.0
2023-02-11,243878725.0
2023-02-12,244329991.0
2023-02-13,245851964.0
2023-02-14,244594225.0
2023-02-15,246291398.0
2023-02-16,256036512.0
2023-02-17,251607148.0
2023-02-18,257759057.0
2023-02-19,262109985.0
2023-02-20,264874778.0
2023-02-21,272330147.0
2023-02-22,269121963.0
2023-02-23,281951226.0
2023-02-24,252504137.0
2023-02-25,260760338.0
2023-02-26,258399656.0
2023-02-27,261344629.0
2023-02-28,259770178.0
2023-03-01,254358211.0
2023-03-02,257529711.0
2023-03-03,258060139.0
2023-03-04,255547984.0
2023-03-05,253713227.0
2023-03-06,252663573.0
2023-03-07,250601539.0
2023-03-08,247808351.0
2023-03-09,237498765.0
2023-03-10,232364538.0
2023-03-11,231311355.0
2023-03-12,224333797.0
2023-03-13,237218715.0
2023-03-14,239691350.0
2023-03-15,242327099.0
2023-03-16,239285612.0
2023-03-17,241522678.0
2023-03-18,251677090.0
2023-03-19,250391362.0
2023-03-20,251590404.0
2023-03-21,286070292.0
2023-03-22,284817521.0
2023-03-23,278879852.0
2023-03-24,276741416.0
2023-03-25,271851189.0
2023-03-26,271976710.0
2023-03-27,272116612.0
2023-03-28,267793330.0
2023-03-29,269585593.0
2023-03-30,272507029.0
2023-03-31,261096401.0
2023-04-01,280787892.0
2023-04-02,280095374.0
2023-04-03,278515898.0
2023-04-04,282105544.0
2023-04-05,286187753.0
2023-04-06,286484840.0
2023-04-07,283526677.0
2023-04-08,282774866.0
2023-04-09,282666215.0
2023-04-10,282685634.0
2023-04-11,283837308.0
2023-04-12,291434272.0
2023-04-13,293597999.0
2023-04-14,297455750.0
2023-04-15,297392428.0
2023-04-16,294448127.0
2023-04-17,297078918.0
2023-04-18,295641141.0
2023-04-19,295650993.0
2023-04-20,288372174.0
2023-04-21,280338325.0
2023-04-22,274835068.0
2023-04-23,276752859.0
2023-04-24,273979683.0
2023-04-25,273723414.0
2023-04-26,276603497.0
2023-04-27,276894250.0
2023-04-28,276521775.0
2023-04-29,278382919.0
2023-04-30,277815361.0
2023-05-01,276210934.0
2023-05-02,272810610.0
2023-05-03,271896336.0
2023-05-04,273901133.0
2023-05-05,271187387.0
2023-05-06,279132707.0
2023-05-07,273541818.0
2023-05-08,272443692.0
2023-05-09,267597883.0
2023-05-10,268194049.0
2023-05-11,267661799.0
2023-05-12,265743665.0
2023-05-13,269851475.0
2023-05-14,269947941.0
2023-05-15,270280252.0
2023-05-16,271830868.0
2023-05-17,270896119.0
2023-05-18,271130295.0
2023-05-19,269894384.0
2023-05-20,269200619.0
2023-05-21,269692388.0
2023-05-22,266997901.0
2023-05-23,266439302.0
2023-05-24,269675134.0
2023-05-25,266423781.0
2023-05-26,266104218.0
2023-05-27,266656375.0
2023-05-28,271250744.0
2023-05-29,272477034.0
2023-05-30,271083234.0
2023-05-31,273595909.0
2023-06-01,269167294.0
2023-06-02,265881722.0
2023-06-03,268463978.0
2023-06-04,269170303.0
2023-06-05,284493661.0
2023-06-06,277421671.0
2023-06-07,280503550.0
2023-06-08,271704984.0
2023-06-09,272964301.0
2023-06-10,264394127.0
2023-06-11,254570708.0
2023-06-12,252855825.0
2023-06-13,252347543.0
2023-06-14,251470824.0
2023-06-15,248922416.0
2023-06-16,247472216.0
2023-06-17,249692859.0
2023-06-18,251797643.0
2023-06-19,254803994.0
2023-06-20,254907732.0
2023-06-21,257890105.0
2023-06-22,261967220.0
2023-06-23,256644388.0
2023-06-24,261089577.0
2023-06-25,256756369.0
2023-06-26,258135509.0
2023-06-27,255489471.0
2023-06-28,254558885.0
2023-06-29,253888742.0
2023-06-30,263911581.0
2023-07-01,268673569.0
2023-07-02,270398301.0
2023-07-03,272581694.0
2023-07-04,274854416.0
2023-07-05,274474368.0
2023-07-06,276083169.0
2023-07-07,279527517.0
2023-07-08,286934885.0
2023-07-09,292032719.0
2023-07-10,289132369.0
2023-07-11,287267370.0
2023-07-12,291984923.0
2023-07-13,292446056.0
2023-07-14,325189731.0
2023-07-15,316155785.0
2023-07-16,315312252.0
2023-07-17,318827480.0
2023-07-18,320447252.0
2023-07-19,317326786.0
2023-07-20,320496581.0
2023-07-21,315525621.0
2023-07-22,315818279.0
2023-07-23,308240864.0
2023-07-24,310747628.0
2023-07-25,304737943.0
2023-07-26,305463198.0
2023-07-27,316580042.0
2023-07-28,316530093.0
2023-07-29,316573265.0
2023-07-30,318209131.0
2023-07-31,314926518.0
2023-08-01,315344339.0
2023-08-02,308868619.0
2023-08-03,306779224.0
2023-08-04,307633000.0
2023-08-05,303664864.0
2023-08-06,304468642.0
2023-08-07,310493415.0
2023-08-08,310412566.0
2023-08-09,320625754.0
2023-08-10,321425341.0
2023-08-11,324943495.0
2023-08-12,324852999.0
2023-08-13,327882473.0
2023-08-14,324068496.0
2023-08-15,328208259.0
2023-08-16,320380092.0
2023-08-17,315611718.0
2023-08-18,309450128.0
2023-08-19,307405695.0
2023-08-20,310735305.0
2023-08-21,309882199.0
2023-08-22,306962862.0
2023-08-23,304352842.0
2023-08-24,314816853.0
2023-08-25,309967594.0
2023-08-26,309429595.0
2023-08-27,308501562.0
2023-08-28,312129664.0
2023-08-29,311026936.0
2023-08-30,318463768.0
2023-08-31,315085925.0
2023-09-01,308996866.0
2023-09-02,306252445.0
2023-09-03,307394978.0
2023-09-04,306952425.0
2023-09-05,306360068.0
2023-09-06,310852599.0
2023-09-07,307835628.0
2023-09-08,310643551.0
2023-09-09,307053091.0
2023-09-10,306151943.0
2023-09-11,298402093.0
2023-09-12,295234442.0
2023-09-13,298783953.0
2023-09-14,302287669.0
2023-09-15,303267492.0
2023-09-16,306531807.0
2023-09-17,304619637.0
2023-09-18,302956731.0
2023-09-19,308245267.0
2023-09-20,309043433.0
2023-09-21,313747806.0
2023-09-22,310242208.0
2023-09-23,311642574.0
2023-09-24,311725985.0
2023-09-25,310613097.0
2023-09-26,311821801.0
2023-09-27,310568262.0
2023-09-28,311520065.0
2023-09-29,318138324.0
2023-09-30,319249503.0
2023-10-01,322888458.0
2023-10-02,333822920.0
2023-10-03,332883859.0
2023-10-04,331283941.0
2023-10-05,327601430.0
2023-10-06,325482166.0
2023-10-07,325756823.0
2023-10-08,325041190.0
2023-10-09,314418912.0
2023-10-10,310500508.0
2023-10-11,310798264.0
2023-10-12,311899408.0
2023-10-13,308120985.0
2023-10-14,312727158.0
2023-10-15,312258250.0
2023-10-16,313167884.0
2023-10-17,326922234.0
2023-10-18,325198997.0
2023-10-19,322252786.0
2023-10-20,329254903.0
2023-10-21,331434068.0
2023-10-22,353760859.0
2023-10-23,351342249.0
2023-10-24,371082631.0
2023-10-25,362051282.0
2023-10-26,376865017.0
2023-10-27,379699781.0
2023-10-28,376767184.0
2023-10-29,376391144.0
2023-10-30,382350710.0
2023-10-31,415008313.0
2023-11-01,409813878.0
2023-11-02,424924597.0
2023-11-03,421368548.0
2023-11-04,433447938.0
2023-11-05,432762934.0
2023-11-06,423914697.0
2023-11-07,434207839.0
2023-11-08,443094992.0
2023-11-09,446577208.0
2023-11-10,470039053.0
2023-11-11,547162293.0
2023-11-12,537395518.0
2023-11-13,537117125.0
2023-11-14,516713833.0
2023-11-15,544052884.0
2023-11-16,602103716.0
2023-11-17,558536535.0
2023-11-18,563698917.0
2023-11-19,570406377.0
2023-11-20,588989151.0
2023-11-21,571051734.0
2023-11-22,549572284.0
2023-11-23,594442327.0
2023-11-24,595021123.0
2023-11-25,596198065.0
2023-11-26,614479362.0
2023-11-27,611124377.0
2023-11-28,596732588.0
2023-11-29,630180805.0
2023-11-30,645890063.0
2023-12-01,650515315.0
2023-12-02,663746082.0
2023-12-03,690178234.0
2023-12-04,688967502.0
2023-12-05,672526548.0
2023-12-06,677514480.0
2023-12-07,683634330.0
2023-12-08,780384877.0
2023-12-09,894730702.0
2023-12-10,889132574.0
2023-12-11,940569064.0
2023-12-12,914309666.0
2023-12-13,885476294.0
2023-12-14,908897403.0
2023-12-15,973902523.0
2023-12-16,1036618026.0
2023-12-17,1046874013.0
2023-12-18,1038834078.0
2023-12-19,1074804857.0
2023-12-20,1069715764.0
2023-12-21,1164737849.0
2023-12-22,1302113487.0
2023-12-23,1327500975.0
2023-12-24,1430558663.0
2023-12-25,1461486454.0
2023-12-26,1557274884.0
2023-12-27,1468001393.0
2023-12-28,1424593247.0
2023-12-29,1387315039.0
2023-12-30,1427882338.0
2023-12-31,1401807297.0
2024-01-01,1386507104.0
2024-01-02,1473711881.0
2024-01-03,1444589366.0
2024-01-04,1353477455.0
2024-01-05,1405859790.0
2024-01-06,1353502560.0
2024-01-07,1311034174.0
2024-01-08,1245245602.0
2024-01-09,1335094900.0
2024-01-10,1346040957.0
2024-01-11,1402503521.0
2024-01-12,1378725863.0
2024-01-13,1295473658.0
2024-01-14,1363838215.0
2024-01-15,1361975796.0
2024-01-16,1348461730.0
2024-01-17,1384963942.0
2024-01-18,1426753029.0
2024-01-19,1350849008.0
2024-01-20,1352046910.0
2024-01-21,1359345013.0
2024-01-22,1345563598.0
2024-01-23,1276799911.0
2024-01-24,1278723260.0
2024-01-25,1322968909.0
2024-01-26,1311621405.0
2024-01-27,1376068203.0
2024-01-28,1419365065.0
2024-01-29,1539548330.0
2024-01-30,1601999185.0
2024-01-31,1604132793.0
2024-02-01,1596724742.0
2024-02-02,1628397463.0
2024-02-03,1642890164.0
2024-02-04,1623844887.0
2024-02-05,1632247290.0
2024-02-06,1657656038.0
2024-02-07,1669486554.0
2024-02-08,1733232356.0
2024-02-09,1745579942.0
2024-02-10,1815339272.0
2024-02-11,1855001066.0
2024-02-12,1852417978.0
2024-02-13,1925937882.0
2024-02-14,1901005956.0
2024-02-15,1964541032.0
2024-02-16,1943552591.0
2024-02-17,1928850944.0
2024-02-18,1924222522.0
2024-02-19,1979797854.0
2024-02-20,2073689013.0
2024-02-21,2028103113.0
2024-02-22,2005541138.0
2024-02-23,1981314292.0
2024-02-24,1950464020.0
2024-02-25,2015345652.0
2024-02-26,2009769840.0
2024-02-27,2120963290.0
2024-02-28,2144502181.0
2024-02-29,2301826900.0
2024-03-01,2423027537.0
2024-03-02,2515676414.0
2024-03-03,2530637348.0
2024-03-04,2591262415.0
2024-03-05,2644829513.0
2024-03-06,2553977578.0
2024-03-07,2828976304.0
2024-03-08,3008546861.0
2024-03-09,3133963228.0
2024-03-10,3182360610.0
2024-03-11,3172984559.0
2024-03-12,3254324794.0
2024-03-13,3261390302.0
2024-03-14,3631156519.0
2024-03-15,3811795094.0
2024-03-16,3915872761.0
2024-03-17,3795200232.0
2024-03-18,4195903616.0
2024-03-19,4098443240.0
2024-03-20,3714326615.0
2024-03-21,4206198031.0
2024-03-22,4002274576.0
2024-03-23,3924650379.0
2024-03-24,4091823209.0
2024-03-25,4408508090.0
2024-03-26,4581580893.0
2024-03-27,4650133380.0
2024-03-28,4565577542.0
2024-03-29,4670664597.0
2024-03-30,4772318026.0
2024-03-31,4786840322.0
2024-04-01,4869002040.0
2024-04-02,4766490354.0
2024-04-03,4679587527.0
2024-04-04,4693186593.0
2024-04-05,4542766802.0
2024-04-06,4443898161.0
2024-04-07,4505658196.0
2024-04-08,4536641174.0
2024-04-09,4600451158.0
2024-04-10,4438418967.0
2024-04-11,4467367780.0
2024-04-12,4330754323.0
2024-04-13,3864185981.0
2024-04-14,3429300409.0
2024-04-15,3772216324.0
2024-04-16,3535168798.0
2024-04-17,3539974764.0
2024-04-18,3464165282.0
2024-04-19,3632310826.0
2024-04-20,3727503294.0
2024-04-21,3903942364.0
2024-04-22,3918440819.0
2024-04-23,4022024684.0
2024-04-24,4044384786.0
2024-04-25,3853000228.0
2024-04-26,3878397046.0
2024-04-27,3727721183.0
2024-04-28,3888056621.0
2024-04-29,3916489206.0
2024-04-30,3885347808.0
2024-05-01,3704073387.0
2024-05-02,3836786803.0
2024-05-03,3936916416.0
2024-05-04,4067944972.0
2024-05-05,4153926951.0
2024-05-06,4121560535.0
2024-05-07,4269095748.0
2024-05-08,4190940960.0
2024-05-09,4061704417.0
2024-05-10,4261501892.0
2024-05-11,4184959770.0
2024-05-12,4182438656.0
2024-05-13,4134418250.0
2024-05-14,4167004126.0
2024-05-15,4042814768.0
2024-05-16,4415955591.0
2024-05-17,4456997103.0
2024-05-18,4638942333.0
2024-05-19,4689823455.0
2024-05-20,4689618949.0
2024-05-21,4992484962.0
2024-05-22,4869403447.0
2024-05-23,4885756631.0
2024-05-24,4851986931.0
2024-05-25,4753783856.0
2024-05-26,4763669230.0
2024-05-27,4688970391.0
2024-05-28,4868132650.0
2024-05-29,4884068509.0
2024-05-30,4864941919.0
2024-05-31,4823159306.0
2024-06-01,4817494611.0
2024-06-02,4837661654.0
2024-06-03,4784706820.0
2024-06-04,4809534599.0
2024-06-05,4890868915.0
2024-06-06,4877124826.0
2024-06-07,4801157121.0
2024-06-08,4628858014.0
2024-06-09,4580257862.0
2024-06-10,4621987237.0
2024-06-11,4579177987.0
2024-06-12,4373039690.0
2024-06-13,4527781823.0
2024-06-14,4336807764.0
2024-06-15,4274671802.0
2024-06-16,4313994855.0
2024-06-17,4396067792.0
2024-06-18,4269065548.0
2024-06-19,4148461757.0
2024-06-20,4136321655.0
2024-06-21,4118832790.0
2024-06-22,4103201038.0
2024-06-23,4117810799.0
2024-06-24,4037042904.0
2024-06-25,4067594783.0
2024-06-26,4207105359.0
2024-06-27,4216378991.0
2024-06-28,4429295058.0
2024-06-29,4248607575.0
2024-06-30,4277088700.0
2024-07-01,4416629143.0
2024-07-02,4419055858.0
2024-07-03,4538843968.0
2024-07-04,4228394749.0
2024-07-05,4030942478.0
2024-07-06,4121763261.0
2024-07-07,4301961412.0
2024-07-08,4083123784.0
2024-07-09,4199884289.0
2024-07-10,4291739155.0
2024-07-11,4282750794.0
2024-07-12,4178070260.0
2024-07-13,4225298264.0
2024-07-14,4289099440.0
2024-07-15,4458228880.0
2024-07-16,4710811099.0
2024-07-17,4705342173.0
2024-07-18,4613011600.0
2024-07-19,4715956665.0
2024-07-20,5040869657.0
2024-07-21,5113550910.0
2024-07-22,5293525544.0
2024-07-23,5192995037.0
2024-07-24,5041056345.0
2024-07-25,5139865511.0
2024-07-26,5009068832.0
2024-07-27,5276251520.0
2024-07-28,5358618445.0
2024-07-29,5315370850.0
2024-07-30,5311594655.0
2024-07-31,5232327067.0
2024-08-01,5093560965.0
2024-08-02,4989080786.0
2024-08-03,4702368400.0
2024-08-04,4475691926.0
2024-08-05,4386500059.0
2024-08-06,4131063868.0
2024-08-07,4490172614.0
2024-08-08,4485326899.0
2024-08-09,4824056398.0
2024-08-10,4760798759.0
2024-08-11,4798545412.0
2024-08-12,4561806429.0
2024-08-13,4619613825.0
2024-08-14,4695380356.0
2024-08-15,4653920863.0
2024-08-16,4611127600.0
2024-08-17,4570123608.0
2024-08-18,4625000697.0
2024-08-19,4692455891.0
2024-08-20,4698395822.0
2024-08-21,4747270483.0
2024-08-22,4765841937.0
2024-08-23,4794668764.0
2024-08-24,5051448392.0
2024-08-25,5202358175.0
2024-08-26,5257917941.0
2024-08-27,5244763330.0
2024-08-28,4948021451.0
2024-08-29,4849465135.0
2024-08-30,4786433319.0
2024-08-31,4726237175.0
2024-09-01,4691290467.0
2024-09-02,4608080902.0
2024-09-03,4647036074.0
2024-09-04,4529853940.0
2024-09-05,4633157999.0
2024-09-06,4501574549.0
2024-09-07,4352634584.0
2024-09-08,4423054782.0
2024-09-09,4477556090.0
2024-09-10,4628018412.0
2024-09-11,4639058108.0
2024-09-12,4557717603.0
2024-09-13,4685408727.0
2024-09-14,4763766564.0
2024-09-15,4703659157.0
2024-09-16,4558866438.0
2024-09-17,4532118236.0
2024-09-18,4564939793.0
2024-09-19,4574687096.0
2024-09-20,4845517900.0
2024-09-21,4954247039.0
2024-09-22,4975616173.0
2024-09-23,4831734071.0
2024-09-24,4895619087.0
2024-09-25,5038368948.0
2024-09-26,5031148407.0
2024-09-27,5200399401.0
2024-09-28,5278255109.0
2024-09-29,5284598845.0
2024-09-30,5358640685.0
2024-10-01,5276698442.0
2024-10-02,5227723138.0
2024-10-03,4956061760.0
2024-10-04,4859290966.0
2024-10-05,5234791002.0
2024-10-06,5364628143.0
2024-10-07,5291080085.0
2024-10-08,5323216176.0
2024-10-09,5248011413.0
2024-10-10,5102038174.0
2024-10-11,5295491980.0
2024-10-12,5529771903.0
2024-10-13,5493752087.0
2024-10-14,5693049728.0
2024-10-15,5916019534.0
2024-10-16,5934545658.0
2024-10-17,5776897468.0
2024-10-18,5839993085.0
2024-10-19,5863630915.0
2024-10-20,5922565499.0
2024-10-21,6161252769.0
2024-10-22,5981780581.0
2024-10-23,6004590597.0
2024-10-24,6342905468.0
2024-10-25,6679281274.0
2024-10-26,6008821369.0
2024-10-27,6179673052.0
2024-10-28,5993353660.0
2024-10-29,6040170853.0
2024-10-30,6080669931.0
2024-10-31,5988479632.0
2024-11-01,5802647315.0
2024-11-02,5782464093.0
2024-11-03,5721851417.0
2024-11-04,5679521941.0
2024-11-05,5545928574.0
2024-11-06,5867375257.0
2024-11-07,6502486268.0
2024-11-08,6630393728.0
2024-11-09,6715622291.0
2024-11-10,6771924688.0
2024-11-11,7087692135.0
2024-11-12,7487029676.0
2024-11-13,7372353496.0
2024-11-14,7509790059.0
2024-11-15,7571126114.0
2024-11-16,7913701505.0
2024-11-17,8118576747.0
2024-11-18,8434201201.0
2024-11-19,8601803956.0
2024-11-20,8630055249.0
2024-11-21,8603007242.0
2024-11-22,9101407270.0
2024-11-23,8996920014.0
2024-11-24,9003515349.0
2024-11-25,8980559327.0
2024-11-26,8695242260.0
2024-11-27,8711224300.0
2024-11-28,9071885136.0
2024-11-29,8966168235.0
2024-11-30,9225501824.0
2024-12-01,9124696979.0
2024-12-02,9043394263.0
2024-12-03,8761059941.0
2024-12-04,9105643392.0
2024-12-05,9008452696.0
2024-12-06,9284194738.0
2024-12-07,9425337178.0
2024-12-08,9521826752.0
2024-12-09,9397480989.0
2024-12-10,8848650907.0
2024-12-11,8773242222.0
2024-12-12,9290486888.0
2024-12-13,9281843412.0
2024-12-14,9219828439.0
2024-12-15,9124462941.0
2024-12-16,9195610846.0
2024-12-17,9072764428.0
2024-12-18,9259537137.0
2024-12-19,8829556435.0
2024-12-20,8401020877.0
2024-12-21,8325108166.0
2024-12-22,8034331293.0
2024-12-23,8018627108.0
2024-12-24,8361869913.0
2024-12-25,8631480282.0
2024-12-26,8654074302.0
2024-12-27,8375119179.0
2024-12-28,8280408303.0
2024-12-29,8643164131.0
2024-12-30,8498205520.0
2024-12-31,8521024392.0
2025-01-01,8525825609.0
2025-01-02,8719434684.0
2025-01-03,9146151342.0
2025-01-04,9468639468.0
2025-01-05,9535529946.0
2025-01-06,9419385506.0
2025-01-07,9599832043.0
2025-01-08,8991687754.0
2025-01-09,8872063939.0
2025-01-10,8511927976.0
2025-01-11,8623361626.0
2025-01-12,8623722409.0
2025-01-13,8590476124.0
2025-01-14,8421089187.0
2025-01-15,8677466235.0
2025-01-16,9337739916.0
2025-01-17,9463509973.0
2025-01-18,10385490885.0
2025-01-19,11303167432.0
2025-01-20,11479902109.0
2025-01-21,11155926343.0
2025-01-22,11736045453.0
2025-01-23,11973290461.0
2025-01-24,11721219555.0
2025-01-25,11650659254.0
2025-01-26,11810565435.0
2025-01-27,11333455199.0
2025-01-28,11181458069.0
2025-01-29,10837267246.0
2025-01-30,10952675915.0
2025-01-31,11281462572.0
2025-02-01,10994017835.0
2025-02-02,10308113503.0
2025-02-03,9772114544.0
2025-02-04,10488309110.0
2025-02-05,9506100200.0
2025-02-06,9220897365.0
2025-02-07,9001402538.0
2025-02-08,9001848235.0
2025-02-09,9245495336.0
2025-02-10,9208644145.0
2025-02-11,9243812266.0
2025-02-12,9107638351.0
2025-02-13,9110210157.0
2025-02-14,9046341960.0
2025-02-15,9283938294.0
2025-02-16,9137796928.0
2025-02-17,8933053155.0
2025-02-18,8562900835.0
2025-02-19,8267636502.0
2025-02-20,8303985176.0
2025-02-21,8499859730.0
2025-02-22,8285639133.0
2025-02-23,8373745438.0
2025-02-24,8249930050.0
2025-02-25,7318700097.0
2025-02-26,7391160323.0
2025-02-27,7167019542.0
2025-02-28,7174101197.0
2025-03-01,7504098465.0
2025-03-02,7378006777.0
2025-03-03,8396303793.0
2025-03-04,7214571754.0
2025-03-05,7346021839.0
2025-03-06,7439547061.0
2025-03-07,7292811425.0
2025-03-08,7194512708.0
2025-03-09,7126339503.0
2025-03-10,6715189606.0
2025-03-11,6393516830.0
2025-03-12,6710021218.0
2025-03-13,6744854129.0
2025-03-14,6657833461.0
2025-03-15,7004063211.0
2025-03-16,7098394994.0
2025-03-17,6784366253.0
2025-03-18,6850659995.0
2025-03-19,6756314672.0
2025-03-20,7110971535.0
2025-03-21,6861386959.0
2025-03-22,6876584609.0
2025-03-23,6877997959.0
2025-03-24,7070873702.0
2025-03-25,7275407314.0
2025-03-26,7354616612.0
2025-03-27,7134294590.0
2025-03-28,7149867821.0
2025-03-29,6792647699.0
2025-03-30,6756029767.0
2025-03-31,6637257186.0
2025-04-01,6626657754.0
2025-04-02,6694471119.0
2025-04-03,6364093953.0
2025-04-04,6608936165.0
2025-04-05,6733325622.0
2025-04-06,6680303842.0
2025-04-07,6128839362.0
2025-04-08,6204081829.0
2025-04-09,6099923067.0
2025-04-10,6586879474.0
2025-04-11,6405956581.0
2025-04-12,6687928243.0
2025-04-13,7046882764.0
2025-04-14,6943580509.0
2025-04-15,6972247592.0
2025-04-16,6912961856.0
2025-04-17,7078014856.0
2025-04-18,7161559962.0
2025-04-19,7138108481.0
2025-04-20,7373183364.0
2025-04-21,7316528866.0
2025-04-22,7294936174.0
2025-04-23,7780973180.0
2025-04-24,7932323705.0
2025-04-25,7998723696.0
2025-04-26,8046082024.0
2025-04-27,7988665781.0
2025-04-28,7921064793.0
2025-04-29,7992541743.0
2025-04-30,7878971035.0
2025-05-01,7942821657.0
2025-05-02,8053710117.0
2025-05-03,7965344811.0
2025-05-04,7842258721.0
2025-05-05,7739391271.0
2025-05-06,7796093942.0
2025-05-07,7827463690.0
2025-05-08,7864950111.0
2025-05-09,8455138602.0
2025-05-10,8794640308.0
2025-05-11,9498585020.0
2025-05-12,9324775846.0
2025-05-13,9261304946.0
2025-05-14,9658098083.0
2025-05-15,9455620366.0
2025-05-16,9150602243.0
2025-05-17,9062774546.0
2025-05-18,9027164021.0
2025-05-19,9182661347.0
2025-05-20,9070783778.0
2025-05-21,9159213000.0
2025-05-22,9453619021.0
2025-05-23,9695939020.0
2025-05-24,9329271647.0
2025-05-25,9319220186.0
2025-05-26,9413177286.0
2025-05-27,9372077248.0
2025-05-28,9441521756.0
2025-05-29,9242761885.0
2025-05-30,8970494052.0
2025-05-31,8547803518.0
2025-06-01,8588094363.0
2025-06-02,8616536306.0
2025-06-03,8771201355.0
2025-06-04,8677156461.0
2025-06-05,8565804867.0
2025-06-06,8169868799.0
2025-06-07,8341362882.0
2025-06-08,8390097791.0
2025-06-09,8504671694.0
2025-06-10,8869247277.0
2025-06-11,9036026892.0
2025-06-12,8913400657.0
2025-06-13,8462259035.0
2025-06-14,8472230643.0
2025-06-15,8353795048.0
2025-06-16,8632762826.0
2025-06-17,8621567523.0
2025-06-18,8443288363.0
2025-06-19,8383964380.0
2025-06-20,8390009115.0
2025-06-21,8112673965.0
2025-06-22,7905624236.0
2025-06-23,7796368414.0
2025-06-24,8260921948.0
2025-06-25,8404546686.0
2025-06-26,8345996547.0
2025-06-27,8146462369.0
2025-06-28,8249834588.0
2025-06-29,8556786475.0
2025-06-30,8625370409.0
2025-07-01,8681017311.0
2025-07-02,8389226147.0
2025-07-03,8582647796.0
2025-07-04,8687200538.0
2025-07-05,8514505272.0
2025-07-06,8513443051.0
2025-07-07,8670845237.0
2025-07-08,8579055119.0
2025-07-09,8701032303.0
2025-07-10,8883647018.0
2025-07-11,9259059481.0
2025-07-12,9172333741.0
2025-07-13,9131612545.0
2025-07-14,9171516058.0
2025-07-15,9184933020.0
2025-07-16,9216090783.0
2025-07-17,9646347074.0
2025-07-18,9769967209.0
2025-07-19,9684705608.0
2025-07-20,9687175461.0
2025-07-21,9931495660.0
2025-07-22,9162330256.0
2025-07-23,10763268565.0
2025-07-24,10169302003.0
2025-07-25,9876822525.0
2025-07-26,10064499985.0
2025-07-27,10004204493.0
2025-07-28,10204369668.0
2025-07-29,9882939848.0
2025-07-30,9821383420.0
2025-07-31,9757571008.0
2025-08-01,9622889995.0
2025-08-02,9438188114.0
2025-08-03,9311759788.0
2025-08-04,9517831926.0
2025-08-05,9855294360.0
2025-08-06,9612499628.0
2025-08-07,9828921031.0
2025-08-08,10204240849.0
2025-08-09,10357969095.0
2025-08-10,10551179072.0
2025-08-11,10609691511.0
2025-08-12,10242032393.0
2025-08-13,10913291629.0
2025-08-14,11124791538.0
2025-08-15,10770667129.0
2025-08-16,10419523510.0
2025-08-17,10670891956.0
2025-08-18,10681814014.0
2025-08-19,10444698443.0
2025-08-20,10162182092.0
2025-08-21,10982259640.0
2025-08-22,10438209951.0
2025-08-23,11163404001.0
2025-08-24,11399965590.0
2025-08-25,11332954639.0
2025-08-26,10585897801.0
2025-08-27,10960945716.0
2025-08-28,11322949551.0
2025-08-29,11782241375.0
2025-08-30,11415729093.0
2025-08-31,11426537673.0
2025-09-01,11249511455.0
2025-09-02,11138373148.0
2025-09-03,11692181761.0
2025-09-04,11639528000.0
2025-09-05,11377243282.0
2025-09-06,11412573262.0
2025-09-07,11377028379.0
2025-09-08,11526052714.0
2025-09-09,12139410102.0
2025-09-10,12194867592.0
2025-09-11,12357957113.0
2025-09-12,12703493308.0
2025-09-13,13219199687.0
2025-09-14,13238348377.0
2025-09-15,13034725897.0
2025-09-16,12772197222.0
2025-09-17,12586568020.0
2025-09-18,12923611250.0
2025-09-19,12774145184.0
2025-09-20,12489278450.0
2025-09-21,12499845811.0
2025-09-22,12332743178.0
2025-09-23,11981954735.0
2025-09-24,11457205368.0
2025-09-25,11364121696.0
2025-09-26,10799660150.0
2025-09-27,11140257319.0
2025-09-28,11107591058.0
2025-09-29,11365676278.0
2025-09-30,11482929788.0
2025-10-01,11540780160.0
2025-10-02,12189867633.0
2025-10-03,12606060953.0
2025-10-04,12504207065.0
2025-10-05,12628312763.0
2025-10-06,12740893122.0
2025-10-07,12941139148.0
2025-10-08,12517816181.0
2025-10-09,12776511911.0
2025-10-10,12558655200.0
2025-10-11,10961489039.0
2025-10-12,10451533962.0
2025-10-13,11317199749.0
2025-10-14,11861432989.0
2025-10-15,11609719692.0
2025-10-16,11319362050.0
2025-10-17,10986013079.0
2025-10-18,10870762639.0
2025-10-19,11060611636.0
2025-10-20,11118798570.0
2025-10-21,11179496646.0
2025-10-22,11078988336.0
2025-10-23,10828047009.0
2025-10-24,11326794287.0
2025-10-25,11489961310.0
2025-10-26,11336889742.0
2025-10-27,11907140635.0
2025-10-28,11821937370.0
2025-10-29,11646281662.0
2025-10-30,11588815899.0
2025-10-31,11376137987.0
2025-11-01,11362261261.0
2025-11-02,11269753343.0
2025-11-03,11247365591.0
2025-11-04,10537294878.0
2025-11-05,10009509863.0
2025-11-06,10062142765.0
2025-11-07,9964469516.0
2025-11-08,10242714247.0
2025-11-09,10023571383.0
2025-11-10,10427055784.0
2025-11-11,10495681140.0
2025-11-12,9992342118.0
2025-11-13,9946402665.0
2025-11-14,9546130384.0
2025-11-15,9440171409.0
2025-11-16,9411641337.0
2025-11-17,9346331939.0
2025-11-18,8817257300.0
2025-11-19,9481181753.0
2025-11-20,9246901856.0
2025-11-21,9023505737.0
2025-11-22,8838562370.0
2025-11-23,8825131760.0
2025-11-24,8546410951.0
2025-11-25,9107664234.0
2025-11-26,9090937287.0
2025-11-27,9273109424.0
2025-11-28,9086508558.0
2025-11-29,8841322186.0
2025-11-30,8880511180.0
2025-12-01,8755585602.0
2025-12-02,8266227798.0
2025-12-03,9056312806.0
2025-12-04,9297959136.0
2025-12-05,9100065759.0
2025-12-06,8859101372.0
2025-12-07,8567725242.0
2025-12-08,8459295777.0
2025-12-09,8844482658.0
2025-12-10,9030516252.0
2025-12-11,8959304907.0
2025-12-12,8991617598.0
2025-12-13,8807220347.0
2025-12-14,8863707390.0
2025-12-15,8730919537.0
2025-12-16,8626446235.0
2025-12-17,8821701785.0
2025-12-18,8564529838.0
2025-12-19,8350962674.0
2025-12-20,8529222558.0
2025-12-21,8579317809.0
2025-12-22,8545299883.0
2025-12-23,8551377264.0
2025-12-24,8408843154.0
2025-12-25,8374168873.0
2025-12-26,8228650197.0
2025-12-27,8264535435.0
2025-12-28,8293787599.0
2025-12-29,8423428919.0
2025-12-30,8248605551.0
2025-12-31,7935112305.0
2026-01-01,8197911462.0
2026-01-02,9119843905.0
2026-01-03,8539899184.0
2026-01-04,8617702124.0
2026-01-05,8699430585.0
2026-01-06,8906173676.0
2026-01-07,8999910242.0
2026-01-08,8787505876.0
2026-01-09,8854131867.0
2026-01-10,8759698651.0
2026-01-11,8768553117.0
2026-01-12,8914523184.0
2026-01-13,8762759592.0
2026-01-14,9114500303.0
2026-01-15,9141949781.0
2026-01-16,8959577897.0
2026-01-17,9080161037.0
2026-01-18,9038779584.0
2026-01-19,8728146755.0
2026-01-20,8666503562.0
2026-01-21,8346284949.0
2026-01-22,8442918044.0
2026-01-23,8257326530.0
2026-01-24,8231712117.0
2026-01-25,8221076387.0
2026-01-26,7819312274.0
2026-01-27,8180452218.0
2026-01-28,8273390594.0
2026-01-29,8371735730.0
2026-01-30,8092950181.0
2026-01-31,8114950307.0
2026-02-01,7594601406.0
2026-02-02,7431024205.0
2026-02-03,7510403210.0
2026-02-04,7267859994.0
2026-02-05,6990978399.0
2026-02-06,6136551829.0
2026-02-07,6439349384.0
2026-02-08,6486597560.0
2026-02-09,6512256937.0
2026-02-10,6488666196.0
2026-02-11,6363018638.0
2026-02-12,6356440572.0
2026-02-13,6314866619.0
2026-02-14,6612362519.0
2026-02-15,6649524341.0
2026-02-16,6633776954.0
2026-02-17,6651250094.0
2026-02-18,6593771835.0
2026-02-19,6446004514.0
2026-02-20,6463303514.0
2026-02-21,6557110165.0
2026-02-22,6551371475.0
2026-02-23,6402208221.0
2026-02-24,6338818879.0
2026-02-25,6278708416.0
2026-02-26,6609306474.0
2026-02-27,6601411640.0
2026-02-28,6475939072.0
2026-03-01,6656409150.0
2026-03-02,6557883230.0
2026-03-03,6718887670.0
2026-03-04,6612395541.0
2026-03-05,6906057512.0
2026-03-06,6783264625.0
2026-03-07,6622103720.0
2026-03-08,6565025672.0
2026-03-09,6410272143.0
2026-03-10,6657493071.0
2026-03-11,6609829598.0
2026-03-12,6691075834.0
2026-03-13,6929669417.0
2026-03-14,6864662141.0
2026-03-15,6980816516.0
2026-03-16,7158420400.0
2026-03-17,7283797640.0
2026-03-18,7031091947.0
2026-03-19,6951330882.0
2026-03-20,6876029551.0
2026-03-21,6910000218.0
2026-03-22,6787928877.0
2026-03-23,6684381845.0
2026-03-24,6779087670.0
2026-03-25,6673200522.0
2026-03-26,6690603713.0
2026-03-27,6565220252.0
2026-03-28,6419661922.0
2026-03-29,6379732328.0
2026-03-30,6209535460.0
2026-03-31,6181378068.0
2026-04-01,6357767768.0
2026-04-02,5393948258.0
2026-04-03,5408920749.0
2026-04-04,5371918671.0
2026-04-05,5531824884.0
2026-04-06,5548173926.0
2026-04-07,5405279303.0
2026-04-08,5702974655.0
2026-04-09,5718922989.0
2026-04-10,5743391073.0
2026-04-11,5807916334.0
2026-04-12,5828651702.0
2026-04-13,5586425117.0
2026-04-14,5923981292.0
2026-04-15,5807098795.0
2026-04-16,5902437695.0
2026-04-17,5931741070.0
2026-04-18,6045553599.0
2026-04-19,5829214209.0
2026-04-20,5586584527.0
2026-04-21,5556702648.0
2026-04-22,5611473524.0
2026-04-23,5615323029.0
2026-04-24,5574720531.0
2026-04-25,5533796019.0
2026-04-26,5565278689.0
2026-04-27,5597441503.0
2026-04-28,5524971584.0
2026-04-29,5476484182.0
2026-04-30,5432355921.0
2026-05-01,5440344337.0
2026-05-02,5438712090.0
2026-05-03,5468402881.0
2026-05-04,5515934943.0
2026-05-05,5471466800.0
2026-05-06,5547878616.0
2026-05-07,5628437777.0
2026-05-08,5603505741.0
2026-05-09,5756154611.0
2026-05-10,5800650374.0
2026-05-11,5884743282.0
2026-05-12,5758994580.0
2026-05-13,5656999072.0
2026-05-14,5535683993.0
2026-05-15,5585543294.0
2026-05-16,5561538593.0
2026-05-17,5449074582.0
2026-05-18,5399100992.0
2026-05-19,5393551248.0
2026-05-20,5409399105.0
2026-05-21,5466951968.0
2026-05-22,5548359114.0
2026-05-23,5451295465.0
2026-05-24,5500490610.0
2026-05-25,5467420397.0
2026-05-26,5459562657.0
2026-05-27,5406179732.0
2026-05-28,5308507571.0
2026-05-29,5244648243.0
2026-05-30,5364009936.0
2026-05-31,5412242990.0
2026-06-01,5400866015.0
2026-06-02,5299727479.0
2026-06-03,5032161495.0
2026-06-04,5001126087.0
2026-06-05,4945388376.0
2026-06-06,4725955898.0
2026-06-07,4713812197.0
2026-06-08,4938762409.0
2026-06-09,4891086675.0
2026-06-10,4795613129.0
2026-06-11,4450467382.0
2026-06-12,4603346547.0
2026-06-13,4712581283.0
2026-06-14,4782212684.0
2026-06-15,4896540374.0
2026-06-16,4928516930.0
2026-06-17,4938518234.0
2026-06-18,4822635922.0
2026-06-19,4792222823.0
2026-06-20,4786600286.0
2026-06-21,4923510585.0
2026-06-22,4923892418.0
2026-06-23,4855759559.0
2026-06-24,4803835323.0
2026-06-25,4721522342.0
2026-06-26,4671415158.0
2026-06-27,4840196755.0
2026-06-28,4766463867.0
2026-06-29,4829718329.0
2026-06-30,4917788453.0
2026-07-01,4793641709.0
2026-07-02,4929939005.0
2026-07-03,5060327648.0
2026-07-04,5138261632.0
2026-07-05,5133581700.0
2026-07-06,5126252808.0
2026-07-07,5156363655.0
2026-07-08,5024968545.0
2026-07-09,4957678108.0
2026-07-10,4976554112.0
2026-07-11,4948223313.0
2026-07-12,4863527993.0
2026-07-13,4863270900.0
2026-07-14,4818323996.0
2026-07-15,4930329548.0
2026-07-16,4936788889.0
2026-07-17,4856502837.0
2026-07-18,4834289425.0
2026-07-19,4879042454.0
2026-07-20,4882056103.0
2026-07-21,4984504396.0
2026-07-22,5004352817.0
2026-07-23,4981232175.0
2026-07-24,4937513542.0
2026-07-25,4802538492.0
2026-07-26,4853078275.0
2026-07-27,4932356891.0
2026-07-28,4828946502.0
2026-07-29,4804535364.0
2026-07-30,4808270284.0
2026-07-31,4838560300.0
2026-08-01,4761599750.0
2026-08-02,4730109911.0
2026-08-03,4753642921.0
2026-08-04,4776158349.0
2026-08-05,4816640511.0
2026-08-06,4816854168.0
2026-08-07,4733698218.0
2026-08-08,4760369064.0
2026-08-09,4819759632.0
2026-08-10,4865490173.0
2026-08-11,4850688918.0
2026-08-12,4874868396.0
2026-08-13,4834710926.0
2026-08-14,4848707420.0
2026-08-15,4828245736.0
2026-08-16,4820377811.0
2026-08-17,4788559256.0
2026-08-18,4861273236.0
2026-08-19,4908436452.0
2026-08-20,5238093296.0
2026-08-21,5344183652.0
2026-08-22,5564309804.0
2026-08-23,5570050854.0
2026-08-24,5573945336.0
2026-08-25,5749900016.0
2026-08-26,5618992337.0
2026-08-27,5786507930.0
2026-08-28,6026068488.0
2026-08-29,5882459890.0
2026-08-30,5923969575.0
2026-08-31,5800399707.0
2026-09-01,5997297241.0
2026-09-02,5660428520.0
2026-09-03,5713709164.0
2026-09-04,5931941123.0
2026-09-05,5872151474.0
2026-09-06,5919205773.0
2026-09-07,6005616489.0
2026-09-08,5924345010.0
2026-09-09,5954397691.0
2026-09-10,5857020904.0
2026-09-11,5758681138.0
2026-09-12,5889507904.0
