date,defi_total_tvl
2017-09-27,0.0
2017-09-28,0.0
2017-09-29,0.0
2017-09-30,0.0
2017-10-01,0.0
2017-10-02,0.0
2017-10-03,0.0
2017-10-04,0.0
2017-10-05,0.0
2017-10-06,0.0
2017-10-07,0.0
2017-10-08,0.0
2017-10-09,0.0
2017-10-10,0.0
2017-10-11,0.0
2017-10-12,0.0
2017-10-13,0.0
2017-10-14,0.0
2017-10-15,0.0
2017-10-16,0.0
2017-10-17,0.0
2017-10-18,0.0
2017-10-19,0.0
2017-10-20,0.0
2017-10-21,0.0
2017-10-22,0.0
2017-10-23,0.0
2017-10-24,0.0
2017-10-25,0.0
2017-10-26,0.0
2017-10-27,0.0
2017-10-28,0.0
2017-10-29,0.0
2017-10-30,0.0
2017-10-31,0.0
2017-11-01,0.0
2017-11-02,0.0
2017-11-03,0.0
2017-11-04,0.0
2017-11-05,0.0
2017-11-06,0.0
2017-11-07,0.0
2017-11-08,0.0
2017-11-09,0.0
2017-11-10,0.0
2017-11-11,0.0
2017-11-12,0.0
2017-11-13,0.0
2017-11-14,0.0
2017-11-15,0.0
2017-11-16,0.0
2017-11-17,0.0
2017-11-18,0.0
2017-11-19,0.0
2017-11-20,0.0
2017-11-21,0.0
2017-11-22,0.0
2017-11-23,0.0
2017-11-24,0.0
2017-11-25,0.0
2017-11-26,0.0
2017-11-27,0.0
2017-11-28,0.0
2017-11-29,0.0
2017-11-30,0.0
2017-12-01,0.0
2017-12-02,0.0
2017-12-03,0.0
2017-12-04,0.0
2017-12-05,0.0
2017-12-06,0.0
2017-12-07,0.0
2017-12-08,0.0
2017-12-09,0.0
2017-12-10,0.0
2017-12-11,0.0
2017-12-12,0.0
2017-12-13,0.0
2017-12-14,0.0
2017-12-15,0.0
2017-12-16,0.0
2017-12-17,0.0
2017-12-18,0.0
2017-12-19,0.0
2017-12-20,0.0
2017-12-21,0.0
2017-12-22,0.0
2017-12-23,0.0
2017-12-24,0.0
2017-12-25,0.0
2017-12-26,0.0
2017-12-27,0.0
2017-12-28,0.0
2017-12-29,0.0
2017-12-30,0.0
2017-12-31,0.0
2018-01-01,0.0
2018-01-02,0.0
2018-01-03,0.0
2018-01-04,0.0
2018-01-05,0.0
2018-01-06,0.0
2018-01-07,0.0
2018-01-08,0.0
2018-01-09,0.0
2018-01-10,0.0
2018-01-11,0.0
2018-01-12,0.0
2018-01-13,0.0
2018-01-14,0.0
2018-01-15,0.0
2018-01-16,0.0
2018-01-17,0.0
2018-01-18,0.0
2018-01-19,0.0
2018-01-20,0.0
2018-01-21,0.0
2018-01-22,0.0
2018-01-23,0.0
2018-01-24,0.0
2018-01-25,0.0
2018-01-26,0.0
2018-01-27,0.0
2018-01-28,0.0
2018-01-29,0.0
2018-01-30,0.0
2018-01-31,0.0
2018-02-01,0.0
2018-02-02,0.0
2018-02-03,0.0
2018-02-04,0.0
2018-02-05,0.0
2018-02-06,0.0
2018-02-07,0.0
2018-02-08,0.0
2018-02-09,0.0
2018-02-10,0.0
2018-02-11,0.0
2018-02-12,6685317.0
2018-02-13,6685317.0
2018-02-14,6685317.0
2018-02-15,7335070.0
2018-02-16,11799306.0
2018-02-17,11799306.0
2018-02-18,11799306.0
2018-02-19,11799306.0
2018-02-20,11799306.0
2018-02-21,11620897.0
2018-02-22,9686994.0
2018-02-23,11924788.0
2018-02-24,11924788.0
2018-02-25,11924788.0
2018-02-26,11293138.0
2018-02-27,11293138.0
2018-02-28,18351636.0
2018-03-01,18351636.0
2018-03-02,18351636.0
2018-03-03,18351636.0
2018-03-04,18351636.0
2018-03-05,18351636.0
2018-03-06,15284730.0
2018-03-07,15284730.0
2018-03-08,14201508.0
2018-03-09,14201508.0
2018-03-10,14201508.0
2018-03-11,14201508.0
2018-03-12,14201508.0
2018-03-13,14201508.0
2018-03-14,14529180.0
2018-03-15,10883302.0
2018-03-16,10883302.0
2018-03-17,10883302.0
2018-03-18,10883302.0
2018-03-19,10883302.0
2018-03-20,10883302.0
2018-03-21,10883302.0
2018-03-22,10883302.0
2018-03-23,10883302.0
2018-03-24,10883302.0
2018-03-25,10883302.0
2018-03-26,10883302.0
2018-03-27,10883302.0
2018-03-28,10883302.0
2018-03-29,10975192.0
2018-03-30,8872233.0
2018-03-31,8872233.0
2018-04-01,8872233.0
2018-04-02,8872233.0
2018-04-03,8709109.0
2018-04-04,8709109.0
2018-04-05,8709109.0
2018-04-06,8994812.0
2018-04-07,11513795.0
2018-04-08,11513795.0
2018-04-09,11513795.0
2018-04-10,11513795.0
2018-04-11,11513795.0
2018-04-12,11513795.0
2018-04-13,11513795.0
2018-04-14,11599561.0
2018-04-15,11860237.0
2018-04-16,16745423.0
2018-04-17,16745423.0
2018-04-18,16745423.0
2018-04-19,16745423.0
2018-04-20,19173183.0
2018-04-21,19173183.0
2018-04-22,19557950.0
2018-04-23,21963401.0
2018-04-24,21963401.0
2018-04-25,21963401.0
2018-04-26,21963401.0
2018-04-27,22367479.0
2018-04-28,28948697.0
2018-04-29,28977326.0
2018-04-30,28969763.0
2018-05-01,28984307.0
2018-05-02,28977941.0
2018-05-03,35203792.0
2018-05-04,29514151.0
2018-05-05,29565821.0
2018-05-06,29590838.0
2018-05-07,29584982.0
2018-05-08,23996888.0
2018-05-09,24006329.0
2018-05-10,29220087.0
2018-05-11,29200576.0
2018-05-12,29180118.0
2018-05-13,29161024.0
2018-05-14,29172651.0
2018-05-15,29192404.0
2018-05-16,27637293.0
2018-05-17,27621514.0
2018-05-18,26702764.0
2018-05-19,30301579.0
2018-05-20,30305637.0
2018-05-21,30318592.0
2018-05-22,29046638.0
2018-05-23,29017571.0
2018-05-24,28956511.0
2018-05-25,28999900.0
2018-05-26,28971623.0
2018-05-27,24783617.0
2018-05-28,24794527.0
2018-05-29,24743844.0
2018-05-30,31952258.0
2018-05-31,31943323.0
2018-06-01,31963581.0
2018-06-02,31952510.0
2018-06-03,31986000.0
2018-06-04,30750887.0
2018-06-05,30741186.0
2018-06-06,30734367.0
2018-06-07,30749864.0
2018-06-08,30135166.0
2018-06-09,30137891.0
2018-06-10,30134960.0
2018-06-11,20200363.0
2018-06-12,20202458.0
2018-06-13,20177422.0
2018-06-14,20171150.0
2018-06-15,21673737.0
2018-06-16,21665463.0
2018-06-17,24002627.0
2018-06-18,24004364.0
2018-06-19,24031704.0
2018-06-20,24037291.0
2018-06-21,24045886.0
2018-06-22,23763827.0
2018-06-23,21165759.0
2018-06-24,21175105.0
2018-06-25,21162437.0
2018-06-26,21165475.0
2018-06-27,19744994.0
2018-06-28,19764441.0
2018-06-29,19771694.0
2018-06-30,22475278.0
2018-07-01,22483726.0
2018-07-02,22490475.0
2018-07-03,22513321.0
2018-07-04,22493042.0
2018-07-05,22510025.0
2018-07-06,22526670.0
2018-07-07,22495522.0
2018-07-08,25093689.0
2018-07-09,23126728.0
2018-07-10,19628038.0
2018-07-11,19573614.0
2018-07-12,19899688.0
2018-07-13,19890030.0
2018-07-14,19896837.0
2018-07-15,19888431.0
2018-07-16,19913834.0
2018-07-17,19929339.0
2018-07-18,19924898.0
2018-07-19,19894895.0
2018-07-20,20149827.0
2018-07-21,20590476.0
2018-07-22,20596340.0
2018-07-23,20605860.0
2018-07-24,20578762.0
2018-07-25,20265462.0
2018-07-26,20259382.0
2018-07-27,20250097.0
2018-07-28,17813102.0
2018-07-29,17815710.0
2018-07-30,17814972.0
2018-07-31,17810324.0
2018-08-01,17795180.0
2018-08-02,16575227.0
2018-08-03,16575865.0
2018-08-04,16174201.0
2018-08-05,16159086.0
2018-08-06,358439.0
2018-08-07,367117.0
2018-08-08,367758.0
2018-08-09,340001.0
2018-08-10,337587.0
2018-08-11,16800664.0
2018-08-12,16800809.0
2018-08-13,16533578.0
2018-08-14,16535473.0
2018-08-15,16534267.0
2018-08-16,16552382.0
2018-08-17,16562358.0
2018-08-18,16790597.0
2018-08-19,16788445.0
2018-08-20,16786536.0
2018-08-21,16782137.0
2018-08-22,16948572.0
2018-08-23,12059764.0
2018-08-24,14320257.0
2018-08-25,12189870.0
2018-08-26,13119602.0
2018-08-27,20787329.0
2018-08-28,21681043.0
2018-08-29,13842550.0
2018-08-30,13838204.0
2018-08-31,13826746.0
2018-09-01,33918185.0
2018-09-02,34461150.0
2018-09-03,34454043.0
2018-09-04,34394921.0
2018-09-05,34281081.0
2018-09-06,34141470.0
2018-09-07,31632459.0
2018-09-08,31627730.0
2018-09-09,31565234.0
2018-09-10,30914431.0
2018-09-11,32694805.0
2018-09-12,32416971.0
2018-09-13,32697437.0
2018-09-14,31981413.0
2018-09-15,17286027.0
2018-09-16,18181250.0
2018-09-17,16785441.0
2018-09-18,17156973.0
2018-09-19,17052370.0
2018-09-20,17295231.0
2018-09-21,17467378.0
2018-09-22,17735981.0
2018-09-23,12120894.0
2018-09-24,12001453.0
2018-09-25,10599223.0
2018-09-26,15541932.0
2018-09-27,11336827.0
2018-09-28,14120352.0
2018-09-29,15375082.0
2018-09-30,15840876.0
2018-10-01,16736615.0
2018-10-02,17016009.0
2018-10-03,16680954.0
2018-10-04,14741093.0
2018-10-05,15414443.0
2018-10-06,16097534.0
2018-10-07,15813653.0
2018-10-08,14055504.0
2018-10-09,14110331.0
2018-10-10,14232859.0
2018-10-11,14193284.0
2018-10-12,11928443.0
2018-10-13,12858389.0
2018-10-14,13118608.0
2018-10-15,13107525.0
2018-10-16,15120367.0
2018-10-17,14676038.0
2018-10-18,16459120.0
2018-10-19,15766661.0
2018-10-20,16173353.0
2018-10-21,15344886.0
2018-10-22,16626445.0
2018-10-23,17177485.0
2018-10-24,17060213.0
2018-10-25,17745805.0
2018-10-26,18335693.0
2018-10-27,16297339.0
2018-10-28,18124774.0
2018-10-29,18378903.0
2018-10-30,17137508.0
2018-10-31,15904405.0
2018-11-01,16170857.0
2018-11-02,16004698.0
2018-11-03,11825468.0
2018-11-04,18343307.0
2018-11-05,16132848.0
2018-11-06,16123521.0
2018-11-07,16610845.0
2018-11-08,16583198.0
2018-11-09,15826144.0
2018-11-10,15734245.0
2018-11-11,16062153.0
2018-11-12,15554185.0
2018-11-13,15761892.0
2018-11-14,15442880.0
2018-11-15,12952073.0
2018-11-16,12990309.0
2018-11-17,12813281.0
2018-11-18,12519141.0
2018-11-19,23183102.0
2018-11-20,10263670.0
2018-11-21,8741508.0
2018-11-22,9535385.0
2018-11-23,10694808.0
2018-11-24,10583791.0
2018-11-25,9642573.0
2018-11-26,10688756.0
2018-11-27,10013259.0
2018-11-28,11008664.0
2018-11-29,12544817.0
2018-11-30,12491893.0
2018-12-01,12166000.0
2018-12-02,13221851.0
2018-12-03,12384552.0
2018-12-04,10976654.0
2018-12-05,10974056.0
2018-12-06,9090091.0
2018-12-07,8277595.0
2018-12-08,8813639.0
2018-12-09,9296580.0
2018-12-10,8282530.0
2018-12-11,8164333.0
2018-12-12,8027331.0
2018-12-13,8382716.0
2018-12-14,7975874.0
2018-12-15,7395409.0
2018-12-16,7772209.0
2018-12-17,8236167.0
2018-12-18,9340631.0
2018-12-19,9786858.0
2018-12-20,9593244.0
2018-12-21,10845835.0
2018-12-22,11597399.0
2018-12-23,12002498.0
2018-12-24,13135497.0
2018-12-25,14344601.0
2018-12-26,13105091.0
2018-12-27,13964751.0
2018-12-28,12584979.0
2018-12-29,12995052.0
2018-12-30,4149781.0
2018-12-31,3926020.0
2019-01-01,3802744.0
2019-01-02,4008486.0
2019-01-03,5319596.0
2019-01-04,289570752.0
2019-01-05,304883618.0
2019-01-06,314016364.0
2019-01-07,302615159.0
2019-01-08,301528544.0
2019-01-09,294935504.0
2019-01-10,122685489.0
2019-01-11,260106725.0
2019-01-12,292940172.0
2019-01-13,260217997.0
2019-01-14,194196424.0
2019-01-15,263607393.0
2019-01-16,264927702.0
2019-01-17,270539227.0
2019-01-18,279843104.0
2019-01-19,246234892.0
2019-01-20,253866163.0
2019-01-21,250653941.0
2019-01-22,242704516.0
2019-01-23,238042263.0
2019-01-24,245751182.0
2019-01-25,243997393.0
2019-01-26,244144401.0
2019-01-27,247621419.0
2019-01-28,241999811.0
2019-01-29,113101993.0
2019-01-30,220276514.0
2019-01-31,224991272.0
2019-02-01,230868863.0
2019-02-02,229338297.0
2019-02-03,232341479.0
2019-02-04,232426627.0
2019-02-05,231779965.0
2019-02-06,233650015.0
2019-02-07,225717422.0
2019-02-08,231314639.0
2019-02-09,237932307.0
2019-02-10,263945502.0
2019-02-11,261409662.0
2019-02-12,266842887.0
2019-02-13,265032641.0
2019-02-14,270656042.0
2019-02-15,267234814.0
2019-02-16,279959533.0
2019-02-17,271616640.0
2019-02-18,284669961.0
2019-02-19,308871100.0
2019-02-20,328181470.0
2019-02-21,325575107.0
2019-02-22,325103155.0
2019-02-23,333555760.0
2019-02-24,335154182.0
2019-02-25,367148268.0
2019-02-26,313312485.0
2019-02-27,312348327.0
2019-02-28,315587243.0
2019-03-01,313264205.0
2019-03-02,317917225.0
2019-03-03,306928585.0
2019-03-04,308802967.0
2019-03-05,291872587.0
2019-03-06,299413989.0
2019-03-07,323339859.0
2019-03-08,325847315.0
2019-03-09,317686632.0
2019-03-10,327652303.0
2019-03-11,317114163.0
2019-03-12,314311842.0
2019-03-13,316017852.0
2019-03-14,310309736.0
2019-03-15,313273709.0
2019-03-16,319734544.0
2019-03-17,338848314.0
2019-03-18,338427917.0
2019-03-19,334112955.0
2019-03-20,331367254.0
2019-03-21,332058133.0
2019-03-22,329173533.0
2019-03-23,321656817.0
2019-03-24,324065528.0
2019-03-25,324888324.0
2019-03-26,319263059.0
2019-03-27,316212716.0
2019-03-28,331333288.0
2019-03-29,325149316.0
2019-03-30,334364887.0
2019-03-31,340535136.0
2019-04-01,337701754.0
2019-04-02,335250863.0
2019-04-03,366236322.0
2019-04-04,397580056.0
2019-04-05,382233613.0
2019-04-06,391714035.0
2019-04-07,391038985.0
2019-04-08,402160711.0
2019-04-09,422159412.0
2019-04-10,421201009.0
2019-04-11,431439729.0
2019-04-12,395146858.0
2019-04-13,396666901.0
2019-04-14,389297705.0
2019-04-15,389969859.0
2019-04-16,392816437.0
2019-04-17,383270419.0
2019-04-18,396528397.0
2019-04-19,402965067.0
2019-04-20,405717234.0
2019-04-21,399268586.0
2019-04-22,389058388.0
2019-04-23,396465156.0
2019-04-24,403778689.0
2019-04-25,379574360.0
2019-04-26,374166223.0
2019-04-27,358142236.0
2019-04-28,356347839.0
2019-04-29,360706733.0
2019-04-30,350720090.0
2019-05-01,366040359.0
2019-05-02,373150581.0
2019-05-03,366280821.0
2019-05-04,374710083.0
2019-05-05,369623355.0
2019-05-06,370720025.0
2019-05-07,371812432.0
2019-05-08,401884732.0
2019-05-09,381494784.0
2019-05-10,382347193.0
2019-05-11,379417947.0
2019-05-12,408271891.0
2019-05-13,412618171.0
2019-05-14,419161736.0
2019-05-15,447956743.0
2019-05-16,493000950.0
2019-05-17,499481561.0
2019-05-18,463518933.0
2019-05-19,473558178.0
2019-05-20,505820225.0
2019-05-21,496279202.0
2019-05-22,495087452.0
2019-05-23,497002142.0
2019-05-24,476495368.0
2019-05-25,494995333.0
2019-05-26,502451751.0
2019-05-27,487371992.0
2019-05-28,514872051.0
2019-05-29,498987033.0
2019-05-30,494627934.0
2019-05-31,512537933.0
2019-06-01,472847399.0
2019-06-02,497830025.0
2019-06-03,500127190.0
2019-06-04,485851448.0
2019-06-05,455464631.0
2019-06-06,458331950.0
2019-06-07,461237618.0
2019-06-08,465315261.0
2019-06-09,465711379.0
2019-06-10,456916372.0
2019-06-11,458463024.0
2019-06-12,452611499.0
2019-06-13,470698244.0
2019-06-14,481696600.0
2019-06-15,480287425.0
2019-06-16,491502339.0
2019-06-17,505563829.0
2019-06-18,508648762.0
2019-06-19,500888028.0
2019-06-20,499846692.0
2019-06-21,503507244.0
2019-06-22,540552020.0
2019-06-23,568785450.0
2019-06-24,567445764.0
2019-06-25,573143459.0
2019-06-26,568708212.0
2019-06-27,591078274.0
2019-06-28,552910720.0
2019-06-29,543051020.0
2019-06-30,542532241.0
2019-07-01,531461064.0
2019-07-02,525350725.0
2019-07-03,502883500.0
2019-07-04,530495517.0
2019-07-05,534615690.0
2019-07-06,532710865.0
2019-07-07,524221247.0
2019-07-08,534477607.0
2019-07-09,560331576.0
2019-07-10,563890234.0
2019-07-11,551630909.0
2019-07-12,502577319.0
2019-07-13,506751356.0
2019-07-14,492044116.0
2019-07-15,454555786.0
2019-07-16,451334563.0
2019-07-17,461975687.0
2019-07-18,443736851.0
2019-07-19,436985774.0
2019-07-20,437208909.0
2019-07-21,452675725.0
2019-07-22,487291800.0
2019-07-23,434230255.0
2019-07-24,409186274.0
2019-07-25,448443317.0
2019-07-26,428073197.0
2019-07-27,422243898.0
2019-07-28,402767290.0
2019-07-29,407166104.0
2019-07-30,406781868.0
2019-07-31,408697642.0
2019-08-01,417633282.0
2019-08-02,418221061.0
2019-08-03,428073353.0
2019-08-04,431471834.0
2019-08-05,429764804.0
2019-08-06,454195125.0
2019-08-07,436040933.0
2019-08-08,433419583.0
2019-08-09,452962074.0
2019-08-10,436374290.0
2019-08-11,428714829.0
2019-08-12,441895509.0
2019-08-13,442896825.0
2019-08-14,451379386.0
2019-08-15,433576742.0
2019-08-16,412932231.0
2019-08-17,417466602.0
2019-08-18,416010185.0
2019-08-19,431515559.0
2019-08-20,452669640.0
2019-08-21,443632021.0
2019-08-22,431246765.0
2019-08-23,430470024.0
2019-08-24,435344422.0
2019-08-25,434835163.0
2019-08-26,436731046.0
2019-08-27,435634766.0
2019-08-28,438418831.0
2019-08-29,434881647.0
2019-08-30,420084933.0
2019-08-31,419174143.0
2019-09-01,414229850.0
2019-09-02,419822865.0
2019-09-03,427393987.0
2019-09-04,446062511.0
2019-09-05,441680361.0
2019-09-06,430397388.0
2019-09-07,432542951.0
2019-09-08,431670284.0
2019-09-09,444064062.0
2019-09-10,454119915.0
2019-09-11,448765165.0
2019-09-12,448360732.0
2019-09-13,453065654.0
2019-09-14,449959697.0
2019-09-15,448075648.0
2019-09-16,476918786.0
2019-09-17,490743644.0
2019-09-18,504647334.0
2019-09-19,524619550.0
2019-09-20,521270612.0
2019-09-21,534853682.0
2019-09-22,531410497.0
2019-09-23,521089432.0
2019-09-24,513747689.0
2019-09-25,473798880.0
2019-09-26,429765681.0
2019-09-27,448885279.0
2019-09-28,448305047.0
2019-09-29,459055196.0
2019-09-30,449392756.0
2019-10-01,460478737.0
2019-10-02,468467860.0
2019-10-03,469759575.0
2019-10-04,464886362.0
2019-10-05,464292908.0
2019-10-06,458924231.0
2019-10-07,457835664.0
2019-10-08,469556828.0
2019-10-09,479618450.0
2019-10-10,497798465.0
2019-10-11,507867466.0
2019-10-12,495437951.0
2019-10-13,491387221.0
2019-10-14,495508497.0
2019-10-15,494457857.0
2019-10-16,491295305.0
2019-10-17,485289283.0
2019-10-18,488902927.0
2019-10-19,483195757.0
2019-10-20,484359011.0
2019-10-21,482779013.0
2019-10-22,501495158.0
2019-10-23,501612538.0
2019-10-24,504293040.0
2019-10-25,487781757.0
2019-10-26,536564631.0
2019-10-27,552363304.0
2019-10-28,585884484.0
2019-10-29,591157220.0
2019-10-30,598073585.0
2019-10-31,579395203.0
2019-11-01,558561779.0
2019-11-02,557071114.0
2019-11-03,557849668.0
2019-11-04,555886499.0
2019-11-05,592041728.0
2019-11-06,595937674.0
2019-11-07,597909996.0
2019-11-08,586054174.0
2019-11-09,600199426.0
2019-11-10,599493501.0
2019-11-11,583384591.0
2019-11-12,598450857.0
2019-11-13,604460707.0
2019-11-14,601074950.0
2019-11-15,596137614.0
2019-11-16,573659308.0
2019-11-17,583648172.0
2019-11-18,599124673.0
2019-11-19,608190626.0
2019-11-20,606769946.0
2019-11-21,605215546.0
2019-11-22,602025708.0
2019-11-23,568695755.0
2019-11-24,574619036.0
2019-11-25,588834677.0
2019-11-26,598978707.0
2019-11-27,614130077.0
2019-11-28,645973332.0
2019-11-29,646738314.0
2019-11-30,623022852.0
2019-12-01,618998157.0
2019-12-02,592530843.0
2019-12-03,624871193.0
2019-12-04,619422598.0
2019-12-05,616758251.0
2019-12-06,614418082.0
2019-12-07,607765633.0
2019-12-08,606638338.0
2019-12-09,630375654.0
2019-12-10,627975429.0
2019-12-11,608680182.0
2019-12-12,607080709.0
2019-12-13,617521228.0
2019-12-14,611408968.0
2019-12-15,613549511.0
2019-12-16,623841597.0
2019-12-17,614464203.0
2019-12-18,582714940.0
2019-12-19,574674054.0
2019-12-20,592958634.0
2019-12-21,596259664.0
2019-12-22,597689907.0
2019-12-23,609592628.0
2019-12-24,614842712.0
2019-12-25,604710916.0
2019-12-26,594297587.0
2019-12-27,589013702.0
2019-12-28,585762476.0
2019-12-29,594827274.0
2019-12-30,603662457.0
2019-12-31,609578786.0
2020-01-01,606094144.0
2020-01-02,605260224.0
2020-01-03,599700961.0
2020-01-04,609194464.0
2020-01-05,608225875.0
2020-01-06,610140084.0
2020-01-07,609488563.0
2020-01-08,616940071.0
2020-01-09,627337915.0
2020-01-10,591002739.0
2020-01-11,585697860.0
2020-01-12,615427563.0
2020-01-13,619481866.0
2020-01-14,627897116.0
2020-01-15,677754524.0
2020-01-16,700335339.0
2020-01-17,704767165.0
2020-01-18,729580177.0
2020-01-19,720435461.0
2020-01-20,700193516.0
2020-01-21,698828005.0
2020-01-22,728094072.0
2020-01-23,717928005.0
2020-01-24,698880694.0
2020-01-25,694165601.0
2020-01-26,701940467.0
2020-01-27,709907244.0
2020-01-28,745635194.0
2020-01-29,760463093.0
2020-01-30,772944085.0
2020-01-31,781557542.0
2020-02-01,794204774.0
2020-02-02,804187470.0
2020-02-03,814154940.0
2020-02-04,808800998.0
2020-02-05,805940611.0
2020-02-06,838588758.0
2020-02-07,878624778.0
2020-02-08,891727770.0
2020-02-09,901519597.0
2020-02-10,889444973.0
2020-02-11,882783893.0
2020-02-12,896848641.0
2020-02-13,987054648.0
2020-02-14,1011705815.0
2020-02-15,1045119349.0
2020-02-16,1041206488.0
2020-02-17,1003854491.0
2020-02-18,968978260.0
2020-02-19,1032769866.0
2020-02-20,956123481.0
2020-02-21,896019923.0
2020-02-22,914739349.0
2020-02-23,921830239.0
2020-02-24,945222348.0
2020-02-25,937314876.0
2020-02-26,895231268.0
2020-02-27,835945023.0
2020-02-28,829811516.0
2020-02-29,811948702.0
2020-03-01,828293436.0
2020-03-02,815453026.0
2020-03-03,818795704.0
2020-03-04,833516907.0
2020-03-05,813432960.0
2020-03-06,824903310.0
2020-03-07,850504891.0
2020-03-08,849998127.0
2020-03-09,781909022.0
2020-03-10,752107406.0
2020-03-11,770000473.0
2020-03-12,665641906.0
2020-03-13,525851096.0
2020-03-14,514778002.0
2020-03-15,484409708.0
2020-03-16,448184299.0
2020-03-17,434318818.0
2020-03-18,448529183.0
2020-03-19,445124343.0
2020-03-20,493642228.0
2020-03-21,517392587.0
2020-03-22,497837898.0
2020-03-23,476912091.0
2020-03-24,486317736.0
2020-03-25,526959232.0
2020-03-26,517665933.0
2020-03-27,527549814.0
2020-03-28,524942287.0
2020-03-29,509393752.0
2020-03-30,510937039.0
2020-03-31,534587501.0
2020-04-01,538376176.0
2020-04-02,538121598.0
2020-04-03,565868243.0
2020-04-04,579280022.0
2020-04-05,570503410.0
2020-04-06,578239979.0
2020-04-07,622290272.0
2020-04-08,648123516.0
2020-04-09,630582424.0
2020-04-10,612384324.0
2020-04-11,593146674.0
2020-04-12,590214308.0
2020-04-13,592889060.0
2020-04-14,585622688.0
2020-04-15,591940943.0
2020-04-16,589390639.0
2020-04-17,629864634.0
2020-04-18,631315771.0
2020-04-19,658672689.0
2020-04-20,673284351.0
2020-04-21,665322178.0
2020-04-22,648423966.0
2020-04-23,669961677.0
2020-04-24,677058240.0
2020-04-25,683790122.0
2020-04-26,697930185.0
2020-04-27,723367214.0
2020-04-28,726227203.0
2020-04-29,732488794.0
2020-04-30,772360887.0
2020-05-01,765956063.0
2020-05-02,774303515.0
2020-05-03,793233429.0
2020-05-04,786270882.0
2020-05-05,754711227.0
2020-05-06,785362345.0
2020-05-07,795877326.0
2020-05-08,789611280.0
2020-05-09,807345499.0
2020-05-10,809266700.0
2020-05-11,751449462.0
2020-05-12,734853380.0
2020-05-13,743554850.0
2020-05-14,737648893.0
2020-05-15,760291679.0
2020-05-16,748519705.0
2020-05-17,759319991.0
2020-05-18,765698808.0
2020-05-19,796586790.0
2020-05-20,848818461.0
2020-05-21,859440046.0
2020-05-22,927458857.0
2020-05-23,946957818.0
2020-05-24,964696124.0
2020-05-25,1031837852.0
2020-05-26,1015096606.0
2020-05-27,1015173402.0
2020-05-28,1016543784.0
2020-05-29,1006153995.0
2020-05-30,1039114993.0
2020-05-31,1112407974.0
2020-06-01,1121979351.0
2020-06-02,1110832737.0
2020-06-03,1143074522.0
2020-06-04,1130992824.0
2020-06-05,1160807886.0
2020-06-06,1161358494.0
2020-06-07,1161112973.0
2020-06-08,1159243363.0
2020-06-09,1180232483.0
2020-06-10,1148001962.0
2020-06-11,1149302768.0
2020-06-12,1174277595.0
2020-06-13,1172085836.0
2020-06-14,1155262998.0
2020-06-15,1122814007.0
2020-06-16,1120783231.0
2020-06-17,1261855482.0
2020-06-18,1311714166.0
2020-06-19,1402944332.0
2020-06-20,1528633518.0
2020-06-21,1622152187.0
2020-06-22,1695038718.0
2020-06-23,1724783252.0
2020-06-24,1801595304.0
2020-06-25,1850099176.0
2020-06-26,1861253613.0
2020-06-27,1877031965.0
2020-06-28,1873791062.0
2020-06-29,1888069934.0
2020-06-30,1872825126.0
2020-07-01,1878200873.0
2020-07-02,1966393615.0
2020-07-03,1986089301.0
2020-07-04,2028952412.0
2020-07-05,2080326275.0
2020-07-06,2107698948.0
2020-07-07,2186377283.0
2020-07-08,2277134110.0
2020-07-09,2344272196.0
2020-07-10,2345339281.0
2020-07-11,2335372347.0
2020-07-12,2381909438.0
2020-07-13,2405145610.0
2020-07-14,2373216308.0
2020-07-15,2399389272.0
2020-07-16,2416016932.0
2020-07-17,2466213689.0
2020-07-18,2511681996.0
2020-07-19,2556708312.0
2020-07-20,2800678652.0
2020-07-21,2953665801.0
2020-07-22,3102976230.0
2020-07-23,3210283040.0
2020-07-24,3429566186.0
2020-07-25,3465839862.0
2020-07-26,3475945440.0
2020-07-27,3406415752.0
2020-07-28,3432376503.0
2020-07-29,3407966596.0
2020-07-30,3533493546.0
2020-07-31,3634206226.0
2020-08-01,3858868761.0
2020-08-02,3884724135.0
2020-08-03,3945925232.0
2020-08-04,4072008459.0
2020-08-05,4208044914.0
2020-08-06,4254710597.0
2020-08-07,4227067054.0
2020-08-08,4253854752.0
2020-08-09,4376544143.0
2020-08-10,4519729655.0
2020-08-11,4509984761.0
2020-08-12,4528922716.0
2020-08-13,4484096235.0
2020-08-14,4698305874.0
2020-08-15,5742780537.0
2020-08-16,5875667943.0
2020-08-17,6111536223.0
2020-08-18,6254351368.0
2020-08-19,6189950089.0
2020-08-20,6271010444.0
2020-08-21,6395750615.0
2020-08-22,6251364973.0
2020-08-23,6399292944.0
2020-08-24,6418655113.0
2020-08-25,6611580781.0
2020-08-26,6753876334.0
2020-08-27,6999341442.0
2020-08-28,7091714551.0
2020-08-29,7544248432.0
2020-08-30,7806711009.0
2020-08-31,8228174281.0
2020-09-01,8619617581.0
2020-09-02,9321501521.0
2020-09-03,9181879140.0
2020-09-04,8752004396.0
2020-09-05,8786304212.0
2020-09-06,7498136402.0
2020-09-07,7714681883.0
2020-09-08,7740831221.0
2020-09-09,8714715453.0
2020-09-10,7772319558.0
2020-09-11,8847064369.0
2020-09-12,8454849375.0
2020-09-13,8001109500.0
2020-09-14,8328354871.0
2020-09-15,8473293522.0
2020-09-16,8369595591.0
2020-09-17,8072461835.0
2020-09-18,8650195635.0
2020-09-19,9191253818.0
2020-09-20,9857639737.0
2020-09-21,9985862237.0
2020-09-22,9405484021.0
2020-09-23,9412592219.0
2020-09-24,9486242852.0
2020-09-25,9780502946.0
2020-09-26,10018615558.0
2020-09-27,10276061677.0
2020-09-28,10271126479.0
2020-09-29,10344660312.0
2020-09-30,10255968735.0
2020-10-01,10189815436.0
2020-10-02,10077920424.0
2020-10-03,9787938573.0
2020-10-04,9894204893.0
2020-10-05,9856285442.0
2020-10-06,9670812087.0
2020-10-07,9233657822.0
2020-10-08,9091982390.0
2020-10-09,9353090638.0
2020-10-10,9791456818.0
2020-10-11,9879458510.0
2020-10-12,9965526610.0
2020-10-13,10028562681.0
2020-10-14,10081186032.0
2020-10-15,9979183498.0
2020-10-16,9901837191.0
2020-10-17,9736937667.0
2020-10-18,9711314690.0
2020-10-19,9813662335.0
2020-10-20,9783309265.0
2020-10-21,9604294289.0
2020-10-22,9729751355.0
2020-10-23,9943233191.0
2020-10-24,9985780396.0
2020-10-25,10095548120.0
2020-10-26,10288612976.0
2020-10-27,9829773964.0
2020-10-28,10039295752.0
2020-10-29,9994071219.0
2020-10-30,9788790799.0
2020-10-31,9713998499.0
2020-11-01,9840231301.0
2020-11-02,9849563308.0
2020-11-03,9590990961.0
2020-11-04,9580184034.0
2020-11-05,9674998874.0
2020-11-06,10056049514.0
2020-11-07,10564642183.0
2020-11-08,10591672889.0
2020-11-09,10921405852.0
2020-11-10,11307521916.0
2020-11-11,11506056588.0
2020-11-12,11732242803.0
2020-11-13,11743171827.0
2020-11-14,11945740146.0
2020-11-15,11917133098.0
2020-11-16,11929585186.0
2020-11-17,12676335196.0
2020-11-18,11623633752.0
2020-11-19,11701268206.0
2020-11-20,11925610451.0
2020-11-21,12343654925.0
2020-11-22,12425145626.0
2020-11-23,12072889055.0
2020-11-24,12590352291.0
2020-11-25,12481376238.0
2020-11-26,12120286684.0
2020-11-27,11258348141.0
2020-11-28,11279140763.0
2020-11-29,11697386004.0
2020-11-30,12379113315.0
2020-12-01,12858519119.0
2020-12-02,12821247165.0
2020-12-03,13004164054.0
2020-12-04,13005758683.0
2020-12-05,12662992586.0
2020-12-06,12976818980.0
2020-12-07,13000810989.0
2020-12-08,13018964101.0
2020-12-09,12649783961.0
2020-12-10,12649272823.0
2020-12-11,12357456727.0
2020-12-12,12274200585.0
2020-12-13,12735186118.0
2020-12-14,13013165439.0
2020-12-15,13130543199.0
2020-12-16,13377875736.0
2020-12-17,13578609392.0
2020-12-18,13948881541.0
2020-12-19,14151110625.0
2020-12-20,14301548793.0
2020-12-21,13949449177.0
2020-12-22,13754538445.0
2020-12-23,14089854673.0
2020-12-24,13765544917.0
2020-12-25,13982719164.0
2020-12-26,14528594706.0
2020-12-27,14575165502.0
2020-12-28,14817825566.0
2020-12-29,15527963018.0
2020-12-30,15245796508.0
2020-12-31,15142173763.0
2021-01-01,15329839181.0
2021-01-02,15589902434.0
2021-01-03,16212636975.0
2021-01-04,17675308665.0
2021-01-05,18928198682.0
2021-01-06,20587320909.0
2021-01-07,21352321449.0
2021-01-08,22007777730.0
2021-01-09,22197976344.0
2021-01-10,22445077032.0
2021-01-11,21927271549.0
2021-01-12,20200154269.0
2021-01-13,20843561832.0
2021-01-14,21310312381.0
2021-01-15,21556001932.0
2021-01-16,22024520822.0
2021-01-17,22441333811.0
2021-01-18,22668936437.0
2021-01-19,23294444235.0
2021-01-20,24286400185.0
2021-01-21,23099161981.0
2021-01-22,21827551156.0
2021-01-23,22998391138.0
2021-01-24,24072551079.0
2021-01-25,25490448313.0
2021-01-26,25672337007.0
2021-01-27,25218218133.0
2021-01-28,24885358141.0
2021-01-29,26266602299.0
2021-01-30,27250055833.0
2021-01-31,27128116336.0
2021-02-01,27106793690.0
2021-02-02,27885927084.0
2021-02-03,30952286391.0
2021-02-04,32929407835.0
2021-02-05,34301746245.0
2021-02-06,35713515365.0
2021-02-07,35389411217.0
2021-02-08,35699930278.0
2021-02-09,38096280630.0
2021-02-10,39639721178.0
2021-02-11,40883313661.0
2021-02-12,41882776553.0
2021-02-13,41681276667.0
2021-02-14,41409072551.0
2021-02-15,41778762476.0
2021-02-16,41577871004.0
2021-02-17,42268611208.0
2021-02-18,43228603670.0
2021-02-19,44767455940.0
2021-02-20,46703439376.0
2021-02-21,48096534278.0
2021-02-22,47679529677.0
2021-02-23,43604244387.0
2021-02-24,40166160312.0
2021-02-25,42737969477.0
2021-02-26,41910527906.0
2021-02-27,40446015622.0
2021-02-28,40292507309.0
2021-03-01,40339329728.0
2021-03-02,43114799192.0
2021-03-03,43856818567.0
2021-03-04,45202962565.0
2021-03-05,44736034855.0
2021-03-06,44306375692.0
2021-03-07,44596003509.0
2021-03-08,44252745137.0
2021-03-09,45657107626.0
2021-03-10,47538719466.0
2021-03-11,47290493824.0
2021-03-12,47847094888.0
2021-03-13,49765298404.0
2021-03-14,52139212213.0
2021-03-15,51917890775.0
2021-03-16,50164001635.0
2021-03-17,50923584805.0
2021-03-18,51994637165.0
2021-03-19,52231783848.0
2021-03-20,53628746186.0
2021-03-21,54475728643.0
2021-03-22,52875530240.0
2021-03-23,52109925636.0
2021-03-24,51286832465.0
2021-03-25,49979325145.0
2021-03-26,49358716496.0
2021-03-27,51894374492.0
2021-03-28,52589429780.0
2021-03-29,53236385037.0
2021-03-30,56024019244.0
2021-03-31,58563527952.0
2021-04-01,58991577996.0
2021-04-02,62039896441.0
2021-04-03,63915891247.0
2021-04-04,69656296566.0
2021-04-05,70547673334.0
2021-04-06,74177882169.0
2021-04-07,74583246293.0
2021-04-08,70086868134.0
2021-04-09,72985202345.0
2021-04-10,75191602362.0
2021-04-11,76760140949.0
2021-04-12,76949432341.0
2021-04-13,78315389685.0
2021-04-14,81792602230.0
2021-04-15,86445158575.0
2021-04-16,88372941184.0
2021-04-17,88304311077.0
2021-04-18,88011408706.0
2021-04-19,81148237958.0
2021-04-20,82431679311.0
2021-04-21,83893339256.0
2021-04-22,84481020598.0
2021-04-23,86326664054.0
2021-04-24,84996518328.0
2021-04-25,83606489632.0
2021-04-26,87508473567.0
2021-04-27,95362946538.0
2021-04-28,98563492496.0
2021-04-29,100934648984.0
2021-04-30,99696811502.0
2021-05-01,101627447296.0
2021-05-02,105495105135.0
2021-05-03,106927083258.0
2021-05-04,111887379621.0
2021-05-05,112923994957.0
2021-05-06,114982485791.0
2021-05-07,117751683640.0
2021-05-08,117381998264.0
2021-05-09,120709598633.0
2021-05-10,121969588742.0
2021-05-11,122130240926.0
2021-05-12,122155277890.0
2021-05-13,120495833178.0
2021-05-14,115021930120.0
2021-05-15,118809181897.0
2021-05-16,115413323801.0
2021-05-17,113245755763.0
2021-05-18,109416500758.0
2021-05-19,100918904768.0
2021-05-20,86715332451.0
2021-05-21,85593537296.0
2021-05-22,82055447451.0
2021-05-23,74578881807.0
2021-05-24,71768940529.0
2021-05-25,79433388681.0
2021-05-26,82305216878.0
2021-05-27,87099882994.0
2021-05-28,84828130834.0
2021-05-29,79380183333.0
2021-05-30,78170113848.0
2021-05-31,82612937267.0
2021-06-01,85875464510.0
2021-06-02,87537336309.0
2021-06-03,91679502802.0
2021-06-04,92788472226.0
2021-06-05,89913023403.0
2021-06-06,90557919395.0
2021-06-07,91173549875.0
2021-06-08,90456748203.0
2021-06-09,88790658454.0
2021-06-10,90342873010.0
2021-06-11,88547611576.0
2021-06-12,86468987487.0
2021-06-13,87263298559.0
2021-06-14,91573179906.0
2021-06-15,94250138716.0
2021-06-16,92356346218.0
2021-06-17,89150406095.0
2021-06-18,87230473373.0
2021-06-19,85502558663.0
2021-06-20,84724863293.0
2021-06-21,79794905360.0
2021-06-22,73603383032.0
2021-06-23,73470232477.0
2021-06-24,76106837139.0
2021-06-25,76251154516.0
2021-06-26,73956791901.0
2021-06-27,74751726768.0
2021-06-28,76785092675.0
2021-06-29,79170443973.0
2021-06-30,81395189279.0
2021-07-01,81132665953.0
2021-07-02,80939034989.0
2021-07-03,81064764552.0
2021-07-04,83801926564.0
2021-07-05,85046161979.0
2021-07-06,85466838521.0
2021-07-07,88787003459.0
2021-07-08,88368631730.0
2021-07-09,86107233855.0
2021-07-10,85906448493.0
2021-07-11,86794042430.0
2021-07-12,86467600165.0
2021-07-13,84459304194.0
2021-07-14,83157883413.0
2021-07-15,82113690292.0
2021-07-16,80567815784.0
2021-07-17,79987780117.0
2021-07-18,81021665895.0
2021-07-19,79909825848.0
2021-07-20,77597194981.0
2021-07-21,77830978597.0
2021-07-22,81817490392.0
2021-07-23,82663651843.0
2021-07-24,84735862462.0
2021-07-25,86309253469.0
2021-07-26,87804022861.0
2021-07-27,89654489517.0
2021-07-28,91063357179.0
2021-07-29,91505162314.0
2021-07-30,92900624581.0
2021-07-31,94424695383.0
2021-08-01,95488147957.0
2021-08-02,95022859261.0
2021-08-03,94509308296.0
2021-08-04,94992596273.0
2021-08-05,98309426000.0
2021-08-06,100614890820.0
2021-08-07,103202196295.0
2021-08-08,105871597168.0
2021-08-09,104902806626.0
2021-08-10,107494250628.0
2021-08-11,107294840389.0
2021-08-12,107840162356.0
2021-08-13,108374549070.0
2021-08-14,112581445353.0
2021-08-15,112821303171.0
2021-08-16,113233362493.0
2021-08-17,110678360921.0
2021-08-18,109351760371.0
2021-08-19,110931563419.0
2021-08-20,114577917344.0
2021-08-21,117216352703.0
2021-08-22,116652185671.0
2021-08-23,118326551523.0
2021-08-24,118135008554.0
2021-08-25,116519741238.0
2021-08-26,116013127779.0
2021-08-27,115738044791.0
2021-08-28,119099778226.0
2021-08-29,118637741777.0
2021-08-30,117833201905.0
2021-08-31,118100790295.0
2021-09-01,123004418688.0
2021-09-02,129531773991.0
2021-09-03,130176818051.0
2021-09-04,132367471333.0
2021-09-05,133254256889.0
2021-09-06,135153488286.0
2021-09-07,129696181340.0
2021-09-08,122755984166.0
2021-09-09,123958760996.0
2021-09-10,123751255092.0
2021-09-11,121105937164.0
2021-09-12,124392335987.0
2021-09-13,125852050427.0
2021-09-14,124552915722.0
2021-09-15,129515827010.0
2021-09-16,131766419832.0
2021-09-17,130209061698.0
2021-09-18,129333017782.0
2021-09-19,129555975737.0
2021-09-20,122169579893.0
2021-09-21,112900685299.0
2021-09-22,115444730822.0
2021-09-23,121671046714.0
2021-09-24,121408041393.0
2021-09-25,118955755706.0
2021-09-26,119238465880.0
2021-09-27,120159757549.0
2021-09-28,116862531339.0
2021-09-29,115350437181.0
2021-09-30,117938636731.0
2021-10-01,122857899030.0
2021-10-02,127861698897.0
2021-10-03,129989346313.0
2021-10-04,130408238299.0
2021-10-05,131400408913.0
2021-10-06,133017940123.0
2021-10-07,134366055437.0
2021-10-08,136750315644.0
2021-10-09,137445636778.0
2021-10-10,138378493059.0
2021-10-11,135471275830.0
2021-10-12,137632122808.0
2021-10-13,138691695321.0
2021-10-14,142044881275.0
2021-10-15,144911347803.0
2021-10-16,147407697943.0
2021-10-17,147667503303.0
2021-10-18,148052212049.0
2021-10-19,145984256813.0
2021-10-20,149260173633.0
2021-10-21,156639385746.0
2021-10-22,154229215913.0
2021-10-23,152581767114.0
2021-10-24,156703556729.0
2021-10-25,155686407425.0
2021-10-26,159632852952.0
2021-10-27,158226383577.0
2021-10-28,152421607556.0
2021-10-29,159334726972.0
2021-10-30,156969678800.0
2021-10-31,154278652826.0
2021-11-01,156687195491.0
2021-11-02,158684649023.0
2021-11-03,164602769247.0
2021-11-04,167056921892.0
2021-11-05,167343398403.0
2021-11-06,166712288546.0
2021-11-07,169018508032.0
2021-11-08,173790547265.0
2021-11-09,177493346508.0
2021-11-10,176142281138.0
2021-11-11,171595449817.0
2021-11-12,174428447154.0
2021-11-13,173515329900.0
2021-11-14,174998604785.0
2021-11-15,175771715201.0
2021-11-16,172043848457.0
2021-11-17,164758043227.0
2021-11-18,166861071452.0
2021-11-19,159166137242.0
2021-11-20,168388441836.0
2021-11-21,172458740074.0
2021-11-22,170513617685.0
2021-11-23,165868596360.0
2021-11-24,171365229976.0
2021-11-25,170607978305.0
2021-11-26,175001724373.0
2021-11-27,162590085163.0
2021-11-28,164139472794.0
2021-11-29,170245220455.0
2021-11-30,173832645256.0
2021-12-01,177078538448.0
2021-12-02,177472313427.0
2021-12-03,175462283995.0
2021-12-04,167254867600.0
2021-12-05,160831443764.0
2021-12-06,159990036803.0
2021-12-07,164374698405.0
2021-12-08,165001680945.0
2021-12-09,168038648548.0
2021-12-10,160200414871.0
2021-12-11,155303214742.0
2021-12-12,158729708905.0
2021-12-13,160312940504.0
2021-12-14,151349610808.0
2021-12-15,154126431864.0
2021-12-16,158945273904.0
2021-12-17,157789672325.0
2021-12-18,156687506251.0
2021-12-19,161090866275.0
2021-12-20,160762162888.0
2021-12-21,160757113718.0
2021-12-22,166087665454.0
2021-12-23,165960437896.0
2021-12-24,171152236966.0
2021-12-25,170455084037.0
2021-12-26,171949746681.0
2021-12-27,173512276378.0
2021-12-28,170521319704.0
2021-12-29,164825158301.0
2021-12-30,161899756060.0
2021-12-31,163301797695.0
2022-01-01,163294522051.0
2022-01-02,166667117282.0
2022-01-03,167803036057.0
2022-01-04,167930260362.0
2022-01-05,167948977995.0
2022-01-06,161522303027.0
2022-01-07,158782515410.0
2022-01-08,154027457007.0
2022-01-09,151142317221.0
2022-01-10,153093571458.0
2022-01-11,150685877508.0
2022-01-12,155444050046.0
2022-01-13,159898592297.0
2022-01-14,157527283329.0
2022-01-15,159030922292.0
2022-01-16,160522950136.0
2022-01-17,161263659967.0
2022-01-18,157128432473.0
2022-01-19,156228883999.0
2022-01-20,154799468447.0
2022-01-21,150899913487.0
2022-01-22,135320578753.0
2022-01-23,128730249924.0
2022-01-24,132178272099.0
2022-01-25,128307640766.0
2022-01-26,132558545102.0
2022-01-27,133653681321.0
2022-01-28,126408182702.0
2022-01-29,127456332923.0
2022-01-30,128925547831.0
2022-01-31,127226008982.0
2022-02-01,129929916707.0
2022-02-02,132735787843.0
2022-02-03,129056903849.0
2022-02-04,130715416415.0
2022-02-05,138444611751.0
2022-02-06,140652366405.0
2022-02-07,142596536465.0
2022-02-08,144936084558.0
2022-02-09,144869213231.0
2022-02-10,147282942601.0
2022-02-11,143442330031.0
2022-02-12,139815129578.0
2022-02-13,139782856907.0
2022-02-14,139124570142.0
2022-02-15,140120919348.0
2022-02-16,145572850221.0
2022-02-17,144700516752.0
2022-02-18,138449946174.0
2022-02-19,136608955058.0
2022-02-20,135933421097.0
2022-02-21,132978038121.0
2022-02-22,130110980175.0
2022-02-23,131906738166.0
2022-02-24,131299162491.0
2022-02-25,131382082910.0
2022-02-26,135265388789.0
2022-02-27,136377168286.0
2022-02-28,132733151844.0
2022-03-01,142176543076.0
2022-03-02,143311039629.0
2022-03-03,143518206108.0
2022-03-04,138836678074.0
2022-03-05,133768767588.0
2022-03-06,135694901026.0
2022-03-07,131610942911.0
2022-03-08,131686302755.0
2022-03-09,134224975932.0
2022-03-10,139324513303.0
2022-03-11,135863167610.0
2022-03-12,134889531873.0
2022-03-13,134973432439.0
2022-03-14,133310048430.0
2022-03-15,135578653462.0
2022-03-16,136352405511.0
2022-03-17,140766130093.0
2022-03-18,141034334219.0
2022-03-19,145278435544.0
2022-03-20,145478173215.0
2022-03-21,143495570051.0
2022-03-22,147629131084.0
2022-03-23,149436423467.0
2022-03-24,150943207806.0
2022-03-25,152181785377.0
2022-03-26,151138314344.0
2022-03-27,153005447868.0
2022-03-28,156428523440.0
2022-03-29,157946028942.0
2022-03-30,160365794311.0
2022-03-31,161484001761.0
2022-04-01,157591490612.0
2022-04-02,161779504638.0
2022-04-03,161851629222.0
2022-04-04,162954701937.0
2022-04-05,162432131913.0
2022-04-06,158616175556.0
2022-04-07,152360448667.0
2022-04-08,154682177478.0
2022-04-09,151983666091.0
2022-04-10,153521222870.0
2022-04-11,151591295943.0
2022-04-12,144340603351.0
2022-04-13,146232300498.0
2022-04-14,148465957751.0
2022-04-15,146148450715.0
2022-04-16,147172275920.0
2022-04-17,147695046423.0
2022-04-18,145207584111.0
2022-04-19,148761809164.0
2022-04-20,149735758236.0
2022-04-21,149526362869.0
2022-04-22,146805590164.0
2022-04-23,146187401472.0
2022-04-24,145688284708.0
2022-04-25,144715889874.0
2022-04-26,148030879184.0
2022-04-27,142256626471.0
2022-04-28,144408628413.0
2022-04-29,144066500667.0
2022-04-30,140448646722.0
2022-05-01,135861525383.0
2022-05-02,138222906429.0
2022-05-03,138090296973.0
2022-05-04,137974911181.0
2022-05-05,142662027377.0
2022-05-06,136903345764.0
2022-05-07,135773142212.0
2022-05-08,130713943754.0
2022-05-09,126032591106.0
2022-05-10,109637304925.0
2022-05-11,107111551199.0
2022-05-12,90014238192.0
2022-05-13,78580730536.0
2022-05-14,79132448068.0
2022-05-15,79419076585.0
2022-05-16,81363838769.0
2022-05-17,78522263471.0
2022-05-18,80155713082.0
2022-05-19,76437359131.0
2022-05-20,78605014491.0
2022-05-21,76782080576.0
2022-05-22,77361926324.0
2022-05-23,79986117495.0
2022-05-24,79098993261.0
2022-05-25,79671140830.0
2022-05-26,79720073404.0
2022-05-27,76419726405.0
2022-05-28,75049919174.0
2022-05-29,76170524335.0
2022-05-30,76433927446.0
2022-05-31,80243629626.0
2022-06-01,79803498086.0
2022-06-02,76934510438.0
2022-06-03,77415849486.0
2022-06-04,75725734822.0
2022-06-05,75371303303.0
2022-06-06,75579877635.0
2022-06-07,75945430802.0
2022-06-08,75998184716.0
2022-06-09,75574068206.0
2022-06-10,74906480752.0
2022-06-11,72055870174.0
2022-06-12,69132460091.0
2022-06-13,66226882265.0
2022-06-14,57522960871.0
2022-06-15,55676997282.0
2022-06-16,55371384666.0
2022-06-17,51632887239.0
2022-06-18,52357747915.0
2022-06-19,49607407056.0
2022-06-20,51481697603.0
2022-06-21,52170071991.0
2022-06-22,52503784224.0
2022-06-23,51965140145.0
2022-06-24,53548017326.0
2022-06-25,54752174946.0
2022-06-26,54928349779.0
2022-06-27,54079641276.0
2022-06-28,53616771736.0
2022-06-29,52512678456.0
2022-06-30,51802052024.0
2022-07-01,51333616498.0
2022-07-02,51282466028.0
2022-07-03,52339161345.0
2022-07-04,52608083739.0
2022-07-05,54048363471.0
2022-07-06,54255793864.0
2022-07-07,55091471639.0
2022-07-08,55663697609.0
2022-07-09,55498330441.0
2022-07-10,55621664520.0
2022-07-11,54444947635.0
2022-07-12,52824295720.0
2022-07-13,51663872243.0
2022-07-14,52803246072.0
2022-07-15,53981163904.0
2022-07-16,54496738272.0
2022-07-17,55827046657.0
2022-07-18,55642119516.0
2022-07-19,58990318209.0
2022-07-20,59170851132.0
2022-07-21,58483229431.0
2022-07-22,59279787012.0
2022-07-23,59205675759.0
2022-07-24,59258449056.0
2022-07-25,59855402869.0
2022-07-26,57315319323.0
2022-07-27,57183247277.0
2022-07-28,60049278196.0
2022-07-29,61752197751.0
2022-07-30,61284720349.0
2022-07-31,61357225696.0
2022-08-01,61048418394.0
2022-08-02,60477768865.0
2022-08-03,59436600907.0
2022-08-04,60133646497.0
2022-08-05,60923183568.0
2022-08-06,62016325818.0
2022-08-07,61458730308.0
2022-08-08,62575481378.0
2022-08-09,62837415450.0
2022-08-10,61094488524.0
2022-08-11,63868784537.0
2022-08-12,63652917634.0
2022-08-13,64169086245.0
2022-08-14,64323195680.0
2022-08-15,63359056460.0
2022-08-16,62688814135.0
2022-08-17,62851117287.0
2022-08-18,61711499990.0
2022-08-19,60917325840.0
2022-08-20,57859634531.0
2022-08-21,57504406033.0
2022-08-22,58366673515.0
2022-08-23,58378553751.0
2022-08-24,58576836894.0
2022-08-25,58749854806.0
2022-08-26,59134694905.0
2022-08-27,56347321922.0
2022-08-28,56014237104.0
2022-08-29,54977402909.0
2022-08-30,56605925735.0
2022-08-31,56432036715.0
2022-09-01,56094333751.0
2022-09-02,56666196017.0
2022-09-03,56549806367.0
2022-09-04,56279348479.0
2022-09-05,56242713187.0
2022-09-06,56931147862.0
2022-09-07,54484753461.0
2022-09-08,55482410650.0
2022-09-09,55501089191.0
2022-09-10,56901585575.0
2022-09-11,57620558040.0
2022-09-12,56980983552.0
2022-09-13,56503202049.0
2022-09-14,53474287774.0
2022-09-15,52452145891.0
2022-09-16,51409723611.0
2022-09-17,51680487980.0
2022-09-18,52297399434.0
2022-09-19,50819010768.0
2022-09-20,51195613573.0
2022-09-21,51046693717.0
2022-09-22,49987597744.0
2022-09-23,51648927257.0
2022-09-24,51839134611.0
2022-09-25,51650038738.0
2022-09-26,51458857643.0
2022-09-27,52205169727.0
2022-09-28,52161818568.0
2022-09-29,52400893930.0
2022-09-30,52396312708.0
2022-10-01,52310251300.0
2022-10-02,52679037186.0
2022-10-03,52168680569.0
2022-10-04,52950414700.0
2022-10-05,53444630856.0
2022-10-06,53510983726.0
2022-10-07,53386596425.0
2022-10-08,52794248672.0
2022-10-09,52563124652.0
2022-10-10,52653020026.0
2022-10-11,51959629026.0
2022-10-12,51934966265.0
2022-10-13,51610232057.0
2022-10-14,51124255681.0
2022-10-15,51104234223.0
2022-10-16,50959598766.0
2022-10-17,51378532515.0
2022-10-18,51775205476.0
2022-10-19,51333544670.0
2022-10-20,50762111274.0
2022-10-21,50212069650.0
2022-10-22,50257184724.0
2022-10-23,50374866974.0
2022-10-24,51236317024.0
2022-10-25,50657925750.0
2022-10-26,52324720455.0
2022-10-27,53573044734.0
2022-10-28,52915202696.0
2022-10-29,53464330448.0
2022-10-30,54339587457.0
2022-10-31,53995048654.0
2022-11-01,53451792495.0
2022-11-02,53282193634.0
2022-11-03,52498019970.0
2022-11-04,52862205103.0
2022-11-05,54619822197.0
2022-11-06,54502207805.0
2022-11-07,53491131170.0
2022-11-08,53282360772.0
2022-11-09,48142105702.0
2022-11-10,42720283445.0
2022-11-11,44474512099.0
2022-11-12,43497074369.0
2022-11-13,42787553425.0
2022-11-14,41915971606.0
2022-11-15,42096377241.0
2022-11-16,42412966027.0
2022-11-17,41752434758.0
2022-11-18,41862222103.0
2022-11-19,41755848138.0
2022-11-20,41500805174.0
2022-11-21,40281928762.0
2022-11-22,40031852112.0
2022-11-23,40025100054.0
2022-11-24,40554278109.0
2022-11-25,40293031222.0
2022-11-26,40241655289.0
2022-11-27,40743443625.0
2022-11-28,40491141952.0
2022-11-29,39834510116.0
2022-11-30,40853045758.0
2022-12-01,41397991293.0
2022-12-02,41450669543.0
2022-12-03,40938315596.0
2022-12-04,40917609443.0
2022-12-05,41524804727.0
2022-12-06,40997964714.0
2022-12-07,41378396797.0
2022-12-08,41345106092.0
2022-12-09,41492503349.0
2022-12-10,41457189850.0
2022-12-11,41746762986.0
2022-12-12,41295125857.0
2022-12-13,41258286310.0
2022-12-14,41371934531.0
2022-12-15,41282290763.0
2022-12-16,40621975222.0
2022-12-17,38803971996.0
2022-12-18,39023739846.0
2022-12-19,39129046290.0
2022-12-20,38514468572.0
2022-12-21,39092296439.0
2022-12-22,39079137900.0
2022-12-23,39070295807.0
2022-12-24,39011252508.0
2022-12-25,39059269207.0
2022-12-26,38680433115.0
2022-12-27,38872278531.0
2022-12-28,38667597082.0
2022-12-29,38413353348.0
2022-12-30,38406195465.0
2022-12-31,38293897174.0
2023-01-01,37835449049.0
2023-01-02,38115689686.0
2023-01-03,38317541639.0
2023-01-04,38357127348.0
2023-01-05,38996930000.0
2023-01-06,38883043852.0
2023-01-07,38964253337.0
2023-01-08,39065478270.0
2023-01-09,39796656669.0
2023-01-10,40150339999.0
2023-01-11,40347317225.0
2023-01-12,41427108433.0
2023-01-13,41687996599.0
2023-01-14,43855689073.0
2023-01-15,43838272050.0
2023-01-16,44217607587.0
2023-01-17,44257192871.0
2023-01-18,44401928832.0
2023-01-19,43430713410.0
2023-01-20,44112972357.0
2023-01-21,46122943431.0
2023-01-22,45988301700.0
2023-01-23,46085072288.0
2023-01-24,46343207248.0
2023-01-25,45617370662.0
2023-01-26,46806907084.0
2023-01-27,46514423885.0
2023-01-28,47001665093.0
2023-01-29,46847079125.0
2023-01-30,47801641268.0
2023-01-31,46311465019.0
2023-02-01,46775955421.0
2023-02-02,48481114684.0
2023-02-03,48049177159.0
2023-02-04,48257532257.0
2023-02-05,48190959487.0
2023-02-06,47775028557.0
2023-02-07,47572339848.0
2023-02-08,48745900085.0
2023-02-09,48269875124.0
2023-02-10,46174924536.0
2023-02-11,45970951789.0
2023-02-12,46475088690.0
2023-02-13,46234483345.0
2023-02-14,45885809680.0
2023-02-15,46673325834.0
2023-02-16,49391211570.0
2023-02-17,48501048800.0
2023-02-18,49800276241.0
2023-02-19,50100931090.0
2023-02-20,49814044864.0
2023-02-21,50468047913.0
2023-02-22,49438008366.0
2023-02-23,49188744382.0
2023-02-24,49213734628.0
2023-02-25,48257804082.0
2023-02-26,47991481825.0
2023-02-27,49002645643.0
2023-02-28,49007543989.0
2023-03-01,48689790076.0
2023-03-02,49569113732.0
2023-03-03,49188913680.0
2023-03-04,47688010543.0
2023-03-05,47601478463.0
2023-03-06,47679690738.0
2023-03-07,47614937027.0
2023-03-08,47408465237.0
2023-03-09,46454996091.0
2023-03-10,44231204109.0
2023-03-11,43823374466.0
2023-03-12,42185625494.0
2023-03-13,45570191283.0
2023-03-14,46463401840.0
2023-03-15,46909581376.0
2023-03-16,45759884426.0
2023-03-17,45662668241.0
2023-03-18,48147709247.0
2023-03-19,47960987672.0
2023-03-20,48135723125.0
2023-03-21,48115022515.0
2023-03-22,48915760579.0
2023-03-23,48083413745.0
2023-03-24,49102549307.0
2023-03-25,48066658973.0
2023-03-26,47970316252.0
2023-03-27,48249723183.0
2023-03-28,47328714049.0
2023-03-29,47851903099.0
2023-03-30,48496690961.0
2023-03-31,48640698224.0
2023-04-01,49004724197.0
2023-04-02,48964246298.0
2023-04-03,48504640173.0
2023-04-04,48619356343.0
2023-04-05,49838009286.0
2023-04-06,49678760048.0
2023-04-07,49499929031.0
2023-04-08,49222847684.0
2023-04-09,49296278264.0
2023-04-10,49426737956.0
2023-04-11,50247610463.0
2023-04-12,50060613282.0
2023-04-13,50087530041.0
2023-04-14,52322325947.0
2023-04-15,52459418102.0
2023-04-16,52521056239.0
2023-04-17,52189881988.0
2023-04-18,51414128779.0
2023-04-19,52111651944.0
2023-04-20,49774990399.0
2023-04-21,49244655599.0
2023-04-22,47676540295.0
2023-04-23,47759759128.0
2023-04-24,47727392140.0
2023-04-25,47269479170.0
2023-04-26,47859898184.0
2023-04-27,48487717764.0
2023-04-28,48532228258.0
2023-04-29,48216013859.0
2023-04-30,48438082554.0
2023-05-01,48036558784.0
2023-05-02,46917662597.0
2023-05-03,47498914495.0
2023-05-04,48229162930.0
2023-05-05,48057147550.0
2023-05-06,49701644071.0
2023-05-07,48407178380.0
2023-05-08,47934182436.0
2023-05-09,46686262257.0
2023-05-10,46837307785.0
2023-05-11,46579556331.0
2023-05-12,45863420708.0
2023-05-13,45863559277.0
2023-05-14,45784931861.0
2023-05-15,45731489174.0
2023-05-16,46240287672.0
2023-05-17,46284490842.0
2023-05-18,46406431934.0
2023-05-19,46130624242.0
2023-05-20,46225648917.0
2023-05-21,46695529589.0
2023-05-22,46267982735.0
2023-05-23,46624496040.0
2023-05-24,47187840330.0
2023-05-25,45885953505.0
2023-05-26,45926980954.0
2023-05-27,46223121985.0
2023-05-28,46511166161.0
2023-05-29,47654725513.0
2023-05-30,47118656723.0
2023-05-31,47078896071.0
2023-06-01,45791309177.0
2023-06-02,45671030164.0
2023-06-03,46504248285.0
2023-06-04,46291703967.0
2023-06-05,46241077658.0
2023-06-06,44532954341.0
2023-06-07,45694302525.0
2023-06-08,44474073411.0
2023-06-09,44546417425.0
2023-06-10,43997614822.0
2023-06-11,42133519388.0
2023-06-12,42132696681.0
2023-06-13,41882006852.0
2023-06-14,42089454925.0
2023-06-15,40664378224.0
2023-06-16,40614536181.0
2023-06-17,41351846413.0
2023-06-18,41653509846.0
2023-06-19,41571496750.0
2023-06-20,41837468003.0
2023-06-21,43103359902.0
2023-06-22,44637049401.0
2023-06-23,44144474460.0
2023-06-24,44391949888.0
2023-06-25,44181556400.0
2023-06-26,44519268115.0
2023-06-27,44134224089.0
2023-06-28,44261710894.0
2023-06-29,43423294638.0
2023-06-30,43903397053.0
2023-07-01,45010156080.0
2023-07-02,44930244213.0
2023-07-03,45082219861.0
2023-07-04,45324811516.0
2023-07-05,45006145640.0
2023-07-06,44485854611.0
2023-07-07,43532977311.0
2023-07-08,43966477646.0
2023-07-09,44019594368.0
2023-07-10,43931818885.0
2023-07-11,44049712503.0
2023-07-12,44188417326.0
2023-07-13,43976795551.0
2023-07-14,45714888795.0
2023-07-15,44642380710.0
2023-07-16,44798111432.0
2023-07-17,44545497998.0
2023-07-18,44433885814.0
2023-07-19,44082832549.0
2023-07-20,43810155000.0
2023-07-21,43832483256.0
2023-07-22,43888804821.0
2023-07-23,43365029352.0
2023-07-24,43693416075.0
2023-07-25,42802183944.0
2023-07-26,42773283123.0
2023-07-27,42992759758.0
2023-07-28,42963083268.0
2023-07-29,43261812975.0
2023-07-30,43569932192.0
2023-07-31,41309280223.0
2023-08-01,40626511672.0
2023-08-02,40253279761.0
2023-08-03,39818165492.0
2023-08-04,40272950305.0
2023-08-05,40224358448.0
2023-08-06,40345724266.0
2023-08-07,40423580282.0
2023-08-08,40742174042.0
2023-08-09,41246448133.0
2023-08-10,41252263771.0
2023-08-11,41535319436.0
2023-08-12,41691206244.0
2023-08-13,41710946484.0
2023-08-14,41578691511.0
2023-08-15,41588338064.0
2023-08-16,41015588228.0
2023-08-17,40098002407.0
2023-08-18,38417127661.0
2023-08-19,38088494858.0
2023-08-20,38247953145.0
2023-08-21,38074705025.0
2023-08-22,37893795117.0
2023-08-23,37410653823.0
2023-08-24,38132933590.0
2023-08-25,37858874398.0
2023-08-26,37655671363.0
2023-08-27,37619139144.0
2023-08-28,37849912084.0
2023-08-29,37858219822.0
2023-08-30,39011511394.0
2023-08-31,38503876943.0
2023-09-01,37632135115.0
2023-09-02,37474196001.0
2023-09-03,37571417859.0
2023-09-04,37661615466.0
2023-09-05,37488893493.0
2023-09-06,37724962500.0
2023-09-07,37602267984.0
2023-09-08,37976576206.0
2023-09-09,37672556561.0
2023-09-10,37606462081.0
2023-09-11,37343492959.0
2023-09-12,36252713209.0
2023-09-13,36937299602.0
2023-09-14,37267359196.0
2023-09-15,37565928496.0
2023-09-16,38727559433.0
2023-09-17,38506512194.0
2023-09-18,38306100712.0
2023-09-19,38523857337.0
2023-09-20,38746069980.0
2023-09-21,38441013563.0
2023-09-22,37735501806.0
2023-09-23,37923680390.0
2023-09-24,37844263220.0
2023-09-25,37462334302.0
2023-09-26,37681028499.0
2023-09-27,37700944259.0
2023-09-28,37709480114.0
2023-09-29,38436083067.0
2023-09-30,38542407033.0
2023-10-01,38549805648.0
2023-10-02,39508525735.0
2023-10-03,38623371379.0
2023-10-04,38330243560.0
2023-10-05,38512976313.0
2023-10-06,38157012131.0
2023-10-07,38548270649.0
2023-10-08,38473720615.0
2023-10-09,38271958212.0
2023-10-10,37516023950.0
2023-10-11,36896164453.0
2023-10-12,36580340640.0
2023-10-13,36036998507.0
2023-10-14,36585121919.0
2023-10-15,36628253951.0
2023-10-16,36661662147.0
2023-10-17,37295953329.0
2023-10-18,36874711975.0
2023-10-19,36531534528.0
2023-10-20,36769996120.0
2023-10-21,37392175903.0
2023-10-22,38055084276.0
2023-10-23,38705341140.0
2023-10-24,40791429001.0
2023-10-25,40678518828.0
2023-10-26,41107579102.0
2023-10-27,41086298580.0
2023-10-28,40747457973.0
2023-10-29,41228720154.0
2023-10-30,41636139610.0
2023-10-31,42272544244.0
2023-11-01,41942127611.0
2023-11-02,42856864672.0
2023-11-03,42084297203.0
2023-11-04,42903521436.0
2023-11-05,43675338312.0
2023-11-06,43632508045.0
2023-11-07,43834832847.0
2023-11-08,43838316961.0
2023-11-09,44352692000.0
2023-11-10,46642664438.0
2023-11-11,46723571514.0
2023-11-12,46531130709.0
2023-11-13,46736273834.0
2023-11-14,45952725933.0
2023-11-15,45486005305.0
2023-11-16,47204113342.0
2023-11-17,45472009718.0
2023-11-18,45582709490.0
2023-11-19,45783903519.0
2023-11-20,46781625463.0
2023-11-21,46801066849.0
2023-11-22,44847347583.0
2023-11-23,46762304127.0
2023-11-24,46767677940.0
2023-11-25,47055647431.0
2023-11-26,46925830913.0
2023-11-27,46184185731.0
2023-11-28,45623295109.0
2023-11-29,46113406498.0
2023-11-30,45927511837.0
2023-12-01,46229646689.0
2023-12-02,46815647930.0
2023-12-03,48085227477.0
2023-12-04,48567584558.0
2023-12-05,49187476512.0
2023-12-06,50316670361.0
2023-12-07,49498421058.0
2023-12-08,50988552410.0
2023-12-09,51795402209.0
2023-12-10,51357749679.0
2023-12-11,50929561356.0
2023-12-12,49658331673.0
2023-12-13,49393793114.0
2023-12-14,50584406064.0
2023-12-15,51758368315.0
2023-12-16,50007021272.0
2023-12-17,50307538882.0
2023-12-18,49785920558.0
2023-12-19,50809796103.0
2023-12-20,50305686370.0
2023-12-21,51364106146.0
2023-12-22,52022961030.0
2023-12-23,52994308302.0
2023-12-24,53085648296.0
2023-12-25,52702208726.0
2023-12-26,52930135263.0
2023-12-27,52215989864.0
2023-12-28,54168528716.0
2023-12-29,53410029901.0
2023-12-30,52741894171.0
2023-12-31,52803081199.0
2024-01-01,52588901889.0
2024-01-02,54758777237.0
2024-01-03,54618544797.0
2024-01-04,52069629426.0
2024-01-05,53579436965.0
2024-01-06,53224460493.0
2024-01-07,52785508952.0
2024-01-08,52040707555.0
2024-01-09,54037752486.0
2024-01-10,54172817939.0
2024-01-11,57348405123.0
2024-01-12,57728499716.0
2024-01-13,55528093542.0
2024-01-14,56345714716.0
2024-01-15,55587103802.0
2024-01-16,55855847878.0
2024-01-17,56660905056.0
2024-01-18,55996237074.0
2024-01-19,54881485447.0
2024-01-20,55055673367.0
2024-01-21,55033934897.0
2024-01-22,54872440765.0
2024-01-23,52874863673.0
2024-01-24,52251627663.0
2024-01-25,52440189990.0
2024-01-26,52450219248.0
2024-01-27,53802164618.0
2024-01-28,54042517441.0
2024-01-29,53993717334.0
2024-01-30,55157684644.0
2024-01-31,54990245411.0
2024-02-01,53867388033.0
2024-02-02,54660945525.0
2024-02-03,54987303433.0
2024-02-04,54514654858.0
2024-02-05,54425668267.0
2024-02-06,55903768876.0
2024-02-07,57621779098.0
2024-02-08,58989452125.0
2024-02-09,60084987288.0
2024-02-10,61955742247.0
2024-02-11,62175872385.0
2024-02-12,62386348494.0
2024-02-13,64876820145.0
2024-02-14,64392781718.0
2024-02-15,67099572540.0
2024-02-16,67247424666.0
2024-02-17,66937437036.0
2024-02-18,66922143258.0
2024-02-19,68538263169.0
2024-02-20,69710430482.0
2024-02-21,70310194494.0
2024-02-22,69671881147.0
2024-02-23,69781025600.0
2024-02-24,68830862908.0
2024-02-25,70114278858.0
2024-02-26,71636521394.0
2024-02-27,73816633059.0
2024-02-28,75287115199.0
2024-02-29,78432569967.0
2024-03-01,78128193920.0
2024-03-02,80479987690.0
2024-03-03,80534903714.0
2024-03-04,82015416174.0
2024-03-05,84483250950.0
2024-03-06,82278477589.0
2024-03-07,87564564807.0
2024-03-08,88376568875.0
2024-03-09,89787029447.0
2024-03-10,90385836554.0
2024-03-11,90283704052.0
2024-03-12,94330640250.0
2024-03-13,92781483948.0
2024-03-14,94206438575.0
2024-03-15,92167251003.0
2024-03-16,89916907632.0
2024-03-17,85405535059.0
2024-03-18,88386471654.0
2024-03-19,86103146518.0
2024-03-20,79422278610.0
2024-03-21,87081949304.0
2024-03-22,86293736013.0
2024-03-23,83651310969.0
2024-03-24,84858179511.0
2024-03-25,87452370216.0
2024-03-26,90903388250.0
2024-03-27,91036378928.0
2024-03-28,89660262002.0
2024-03-29,91380097216.0
2024-03-30,90749653165.0
2024-03-31,90690820183.0
2024-04-01,92979650854.0
2024-04-02,90676448390.0
2024-04-03,86501671798.0
2024-04-04,87277258816.0
2024-04-05,87973187113.0
2024-04-06,87799265251.0
2024-04-07,88810357568.0
2024-04-08,90153213729.0
2024-04-09,95068252606.0
2024-04-10,91929440476.0
2024-04-11,92847909774.0
2024-04-12,93396074377.0
2024-04-13,85835711653.0
2024-04-14,79049749258.0
2024-04-15,83491791615.0
2024-04-16,83175687056.0
2024-04-17,82239673826.0
2024-04-18,80570338974.0
2024-04-19,82541916141.0
2024-04-20,83291557994.0
2024-04-21,85635519836.0
2024-04-22,85836805557.0
2024-04-23,87246042864.0
2024-04-24,87755831546.0
2024-04-25,85282215238.0
2024-04-26,85902642350.0
2024-04-27,85035907072.0
2024-04-28,87028651066.0
2024-04-29,87357942499.0
2024-04-30,85679839678.0
2024-05-01,81149652080.0
2024-05-02,81033696589.0
2024-05-03,82273960270.0
2024-05-04,85552042460.0
2024-05-05,86248435267.0
2024-05-06,86908368483.0
2024-05-07,85544275595.0
2024-05-08,84474833567.0
2024-05-09,82884057036.0
2024-05-10,84460691009.0
2024-05-11,82182078959.0
2024-05-12,82471985545.0
2024-05-13,82874990110.0
2024-05-14,82969845515.0
2024-05-15,81522395614.0
2024-05-16,85233075452.0
2024-05-17,84424998142.0
2024-05-18,87386246599.0
2024-05-19,87999254369.0
2024-05-20,87074061869.0
2024-05-21,96860732048.0
2024-05-22,98435337376.0
2024-05-23,98694810760.0
2024-05-24,97970245328.0
2024-05-25,97942150536.0
2024-05-26,98503477175.0
2024-05-27,100046135856.0
2024-05-28,100653115512.0
2024-05-29,99624011782.0
2024-05-30,98321610221.0
2024-05-31,98159187955.0
2024-06-01,98956539136.0
2024-06-02,99738754250.0
2024-06-03,99471191314.0
2024-06-04,99321846548.0
2024-06-05,100869710990.0
2024-06-06,102082960272.0
2024-06-07,101323262656.0
2024-06-08,98783772823.0
2024-06-09,98216853546.0
2024-06-10,98650260198.0
2024-06-11,97196359155.0
2024-06-12,94614994420.0
2024-06-13,96201913994.0
2024-06-14,94306267787.0
2024-06-15,93901886626.0
2024-06-16,95276122631.0
2024-06-17,96087401028.0
2024-06-18,93951005579.0
2024-06-19,92828702050.0
2024-06-20,93859047833.0
2024-06-21,92118347682.0
2024-06-22,92440915775.0
2024-06-23,92670978844.0
2024-06-24,90298286912.0
2024-06-25,88961372971.0
2024-06-26,90625120873.0
2024-06-27,89899136875.0
2024-06-28,90939320652.0
2024-06-29,89161886140.0
2024-06-30,89424976168.0
2024-07-01,91097099244.0
2024-07-02,91618928284.0
2024-07-03,90632690153.0
2024-07-04,88107000293.0
2024-07-05,83771018273.0
2024-07-06,82171115289.0
2024-07-07,83311041913.0
2024-07-08,80702780358.0
2024-07-09,82733107293.0
2024-07-10,83819791409.0
2024-07-11,84493574255.0
2024-07-12,84642463735.0
2024-07-13,85124984271.0
2024-07-14,86373722167.0
2024-07-15,88697898688.0
2024-07-16,91757560970.0
2024-07-17,92602996555.0
2024-07-18,91842367029.0
2024-07-19,91695999440.0
2024-07-20,94303562591.0
2024-07-21,94767686890.0
2024-07-22,95263278849.0
2024-07-23,94357461321.0
2024-07-24,94186807232.0
2024-07-25,91309455672.0
2024-07-26,89758500129.0
2024-07-27,92244249833.0
2024-07-28,92507134794.0
2024-07-29,92664360880.0
2024-07-30,93406642743.0
2024-07-31,91992484686.0
2024-08-01,90358061821.0
2024-08-02,89373935269.0
2024-08-03,85109824786.0
2024-08-04,82843188759.0
2024-08-05,77062776363.0
2024-08-06,72873234934.0
2024-08-07,75252868164.0
2024-08-08,72989545628.0
2024-08-09,78729202110.0
2024-08-10,78973828066.0
2024-08-11,79361056023.0
2024-08-12,77329837083.0
2024-08-13,79065111849.0
2024-08-14,80583480209.0
2024-08-15,78758835529.0
2024-08-16,77809326028.0
2024-08-17,78760942701.0
2024-08-18,79021426823.0
2024-08-19,79646045648.0
2024-08-20,79627103100.0
2024-08-21,79427966950.0
2024-08-22,80969579566.0
2024-08-23,80683809361.0
2024-08-24,84739627992.0
2024-08-25,84415341142.0
2024-08-26,84844920885.0
2024-08-27,82790225824.0
2024-08-28,77964466397.0
2024-08-29,78425734286.0
2024-08-30,78456359481.0
2024-08-31,78303413899.0
2024-09-01,78087620830.0
2024-09-02,76400041451.0
2024-09-03,78491906616.0
2024-09-04,76493393567.0
2024-09-05,77259903772.0
2024-09-06,75672860780.0
2024-09-07,72212974259.0
2024-09-08,73493799857.0
2024-09-09,74401991977.0
2024-09-10,76473185869.0
2024-09-11,76969945391.0
2024-09-12,76444657275.0
2024-09-13,77171338667.0
2024-09-14,79686636389.0
2024-09-15,78984490038.0
2024-09-16,77563878130.0
2024-09-17,75790940890.0
2024-09-18,77473506843.0
2024-09-19,77483211399.0
2024-09-20,80369779761.0
2024-09-21,82370036833.0
2024-09-22,82975013157.0
2024-09-23,82312811192.0
2024-09-24,84147187699.0
2024-09-25,84804534322.0
2024-09-26,83260225107.0
2024-09-27,85349085855.0
2024-09-28,86478289803.0
2024-09-29,85933050467.0
2024-09-30,85976175101.0
2024-10-01,84247947031.0
2024-10-02,80990003032.0
2024-10-03,78666813532.0
2024-10-04,78403604002.0
2024-10-05,80367404862.0
2024-10-06,80064735791.0
2024-10-07,79608962419.0
2024-10-08,80113203654.0
2024-10-09,79295177076.0
2024-10-10,77714593915.0
2024-10-11,77577414274.0
2024-10-12,80280266690.0
2024-10-13,81332170178.0
2024-10-14,81063544903.0
2024-10-15,84595914904.0
2024-10-16,83627112300.0
2024-10-17,83570317028.0
2024-10-18,82357100800.0
2024-10-19,83131367396.0
2024-10-20,83188318831.0
2024-10-21,85236081709.0
2024-10-22,85352197459.0
2024-10-23,85347981812.0
2024-10-24,83334097929.0
2024-10-25,84697389319.0
2024-10-26,82396977299.0
2024-10-27,82706702913.0
2024-10-28,82797002295.0
2024-10-29,84251601812.0
2024-10-30,86220195653.0
2024-10-31,86674466790.0
2024-11-01,83651530755.0
2024-11-02,83534941610.0
2024-11-03,83067082243.0
2024-11-04,82393341623.0
2024-11-05,80585910782.0
2024-11-06,82327609543.0
2024-11-07,89445281678.0
2024-11-08,92182592806.0
2024-11-09,93540066079.0
2024-11-10,96614267927.0
2024-11-11,99154570447.0
2024-11-12,103763328395.0
2024-11-13,103256406091.0
2024-11-14,101852582607.0
2024-11-15,99375198463.0
2024-11-16,101520303514.0
2024-11-17,102490447647.0
2024-11-18,101988503715.0
2024-11-19,104525053541.0
2024-11-20,103249376762.0
2024-11-21,102941503587.0
2024-11-22,109675282902.0
2024-11-23,110137818998.0
2024-11-24,111873604560.0
2024-11-25,111442821058.0
2024-11-26,109948326288.0
2024-11-27,108466978462.0
2024-11-28,116871378017.0
2024-11-29,115679712125.0
2024-11-30,117381322737.0
2024-12-01,119689912388.0
2024-12-02,120144711054.0
2024-12-03,118555390371.0
2024-12-04,126701832560.0
2024-12-05,125376547791.0
2024-12-06,124326281081.0
2024-12-07,129577089714.0
2024-12-08,129809047893.0
2024-12-09,129682848455.0
2024-12-10,120051833054.0
2024-12-11,120031034307.0
2024-12-12,126634109730.0
2024-12-13,127861790597.0
2024-12-14,128893393342.0
2024-12-15,127949309744.0
2024-12-16,130862325505.0
2024-12-17,133073773203.0
2024-12-18,130313325418.0
2024-12-19,123616007316.0
2024-12-20,117676858828.0
2024-12-21,117950534008.0
2024-12-22,114619486221.0
2024-12-23,113837684653.0
2024-12-24,117529924139.0
2024-12-25,120632976844.0
2024-12-26,120622523812.0
2024-12-27,116331803861.0
2024-12-28,115949363228.0
2024-12-29,118250369432.0
2024-12-30,116680010904.0
2024-12-31,115915657586.0
2025-01-01,115448396293.0
2025-01-02,117166731576.0
2025-01-03,119950085819.0
2025-01-04,124153054412.0
2025-01-05,125406006279.0
2025-01-06,125089628114.0
2025-01-07,126720575674.0
2025-01-08,118506379656.0
2025-01-09,116689369441.0
2025-01-10,113627223655.0
2025-01-11,115892605696.0
2025-01-12,116437394434.0
2025-01-13,115299636481.0
2025-01-14,112848401290.0
2025-01-15,116043729102.0
2025-01-16,122187221291.0
2025-01-17,119913045638.0
2025-01-18,124919287788.0
2025-01-19,121900334224.0
2025-01-20,119149451187.0
2025-01-21,120077092082.0
2025-01-22,122859607357.0
2025-01-23,121623885723.0
2025-01-24,122651261832.0
2025-01-25,122334466398.0
2025-01-26,123212259087.0
2025-01-27,121025183547.0
2025-01-28,117765738229.0
2025-01-29,115484726963.0
2025-01-30,117575916555.0
2025-01-31,120780314878.0
2025-02-01,119709452872.0
2025-02-02,115190464908.0
2025-02-03,106864179804.0
2025-02-04,109708258276.0
2025-02-05,105989921449.0
2025-02-06,106752455094.0
2025-02-07,106424603836.0
2025-02-08,105975777782.0
2025-02-09,106754080928.0
2025-02-10,106789218571.0
2025-02-11,108326766946.0
2025-02-12,107019441943.0
2025-02-13,110768663206.0
2025-02-14,109309069415.0
2025-02-15,110294907383.0
2025-02-16,109839377123.0
2025-02-17,108937948286.0
2025-02-18,108768379362.0
2025-02-19,107065068812.0
2025-02-20,108954314063.0
2025-02-21,110292486226.0
2025-02-22,106914286483.0
2025-02-23,108983695797.0
2025-02-24,110280923986.0
2025-02-25,102466828577.0
2025-02-26,100656004688.0
2025-02-27,96009173214.0
2025-02-28,95776910706.0
2025-03-01,96087683531.0
2025-03-02,96468633607.0
2025-03-03,104692661155.0
2025-03-04,94629394879.0
2025-03-05,95139715926.0
2025-03-06,98158715215.0
2025-03-07,95868298011.0
2025-03-08,95280263876.0
2025-03-09,95875299080.0
2025-03-10,90257375233.0
2025-03-11,86403077056.0
2025-03-12,88976505540.0
2025-03-13,89359813128.0
2025-03-14,88666288793.0
2025-03-15,90901648185.0
2025-03-16,92114468581.0
2025-03-17,90370209160.0
2025-03-18,91758678216.0
2025-03-19,91749230218.0
2025-03-20,94501277947.0
2025-03-21,92080289448.0
2025-03-22,91966009310.0
2025-03-23,92616854118.0
2025-03-24,94274227480.0
2025-03-25,97543517222.0
2025-03-26,98405949350.0
2025-03-27,97080373419.0
2025-03-28,96718207894.0
2025-03-29,92872518266.0
2025-03-30,90689756138.0
2025-03-31,89460368465.0
2025-04-01,91549775746.0
2025-04-02,93267839143.0
2025-04-03,90520247818.0
2025-04-04,91276190378.0
2025-04-05,91795700091.0
2025-04-06,91416171379.0
2025-04-07,84623860793.0
2025-04-08,84215577692.0
2025-04-09,81930212368.0
2025-04-10,87663027165.0
2025-04-11,84146690173.0
2025-04-12,85805928929.0
2025-04-13,88011459485.0
2025-04-14,87156218600.0
2025-04-15,87226783654.0
2025-04-16,86819015226.0
2025-04-17,85926629049.0
2025-04-18,86163669187.0
2025-04-19,85708514383.0
2025-04-20,87003956683.0
2025-04-21,86646831062.0
2025-04-22,86015103021.0
2025-04-23,91539980163.0
2025-04-24,92806025890.0
2025-04-25,93741061834.0
2025-04-26,95915541434.0
2025-04-27,96979277895.0
2025-04-28,96262839403.0
2025-04-29,96813835237.0
2025-04-30,96103851568.0
2025-05-01,95979368730.0
2025-05-02,97900575356.0
2025-05-03,98473046156.0
2025-05-04,97897905087.0
2025-05-05,96923369680.0
2025-05-06,96504098834.0
2025-05-07,96519564356.0
2025-05-08,95592257669.0
2025-05-09,105389528934.0
2025-05-10,108378139330.0
2025-05-11,114441880604.0
2025-05-12,113042105272.0
2025-05-13,111175266935.0
2025-05-14,115495622899.0
2025-05-15,112725122831.0
2025-05-16,110644535642.0
2025-05-17,110704976726.0
2025-05-18,109564262504.0
2025-05-19,110381335133.0
2025-05-20,111507076218.0
2025-05-21,112257291985.0
2025-05-22,114239599588.0
2025-05-23,116480714702.0
2025-05-24,111905932515.0
2025-05-25,112086622175.0
2025-05-26,113258864528.0
2025-05-27,114044454337.0
2025-05-28,115926592752.0
2025-05-29,115590608083.0
2025-05-30,113014222606.0
2025-05-31,109972528990.0
2025-06-01,110167155038.0
2025-06-02,110866840945.0
2025-06-03,110371615097.0
2025-06-04,109776122379.0
2025-06-05,109792739538.0
2025-06-06,104888784728.0
2025-06-07,107216228452.0
2025-06-08,108879978849.0
2025-06-09,108769401508.0
2025-06-10,113025461113.0
2025-06-11,116276076809.0
2025-06-12,115487011599.0
2025-06-13,109806362333.0
2025-06-14,109828871478.0
2025-06-15,108831335841.0
2025-06-16,109167692504.0
2025-06-17,111420269323.0
2025-06-18,109719672731.0
2025-06-19,110118495992.0
2025-06-20,110128394405.0
2025-06-21,106707637573.0
2025-06-22,103466239933.0
2025-06-23,100957707048.0
2025-06-24,106958169371.0
2025-06-25,108613398411.0
2025-06-26,108446362793.0
2025-06-27,107148706620.0
2025-06-28,107593439559.0
2025-06-29,109193236145.0
2025-06-30,110789943285.0
2025-07-01,110377225036.0
2025-07-02,108187344568.0
2025-07-03,111976983522.0
2025-07-04,113514932281.0
2025-07-05,111272365281.0
2025-07-06,111832563604.0
2025-07-07,113270287670.0
2025-07-08,112214120417.0
2025-07-09,114139492146.0
2025-07-10,118044017748.0
2025-07-11,122820163494.0
2025-07-12,123277013971.0
2025-07-13,123011436987.0
2025-07-14,124383525919.0
2025-07-15,124826840071.0
2025-07-16,126477997308.0
2025-07-17,130070210043.0
2025-07-18,132184348409.0
2025-07-19,133651581792.0
2025-07-20,134633265453.0
2025-07-21,138388397844.0
2025-07-22,138345087545.0
2025-07-23,139815354825.0
2025-07-24,136394872376.0
2025-07-25,135886495148.0
2025-07-26,137810470745.0
2025-07-27,138612476180.0
2025-07-28,142335357812.0
2025-07-29,139312835786.0
2025-07-30,138940611887.0
2025-07-31,138734029720.0
2025-08-01,135759109722.0
2025-08-02,130711440447.0
2025-08-03,128397514328.0
2025-08-04,131916768063.0
2025-08-05,136396405660.0
2025-08-06,135146665304.0
2025-08-07,137290708054.0
2025-08-08,143500034193.0
2025-08-09,144604745953.0
2025-08-10,149206304315.0
2025-08-11,148875366222.0
2025-08-12,147702177593.0
2025-08-13,154620506090.0
2025-08-14,157844175833.0
2025-08-15,153117402381.0
2025-08-16,150340155399.0
2025-08-17,150483523922.0
2025-08-18,150838353710.0
2025-08-19,148130298891.0
2025-08-20,142785125520.0
2025-08-21,148060652314.0
2025-08-22,146801925534.0
2025-08-23,158185107189.0
2025-08-24,159373060993.0
2025-08-25,156473123788.0
2025-08-26,149635780710.0
2025-08-27,154085550550.0
2025-08-28,153655996765.0
2025-08-29,154897683119.0
2025-08-30,150862798401.0
2025-08-31,151135008975.0
2025-09-01,150736282534.0
2025-09-02,148652218048.0
2025-09-03,149816208695.0
2025-09-04,153308579368.0
2025-09-05,150249094883.0
2025-09-06,150772849764.0
2025-09-07,149868769596.0
2025-09-08,151433186670.0
2025-09-09,152294212893.0
2025-09-10,152301221478.0
2025-09-11,154299030583.0
2025-09-12,156882322763.0
2025-09-13,162196820370.0
2025-09-14,161528350748.0
2025-09-15,159653871034.0
2025-09-16,158069723578.0
2025-09-17,158019713948.0
2025-09-18,160608144833.0
2025-09-19,161423717319.0
2025-09-20,158755456924.0
2025-09-21,160309897100.0
2025-09-22,158396424072.0
2025-09-23,152694478700.0
2025-09-24,150643017582.0
2025-09-25,150858026103.0
2025-09-26,145652728129.0
2025-09-27,148955439699.0
2025-09-28,150198893964.0
2025-09-29,154116844906.0
2025-09-30,156022389750.0
2025-10-01,155331538783.0
2025-10-02,161332356073.0
2025-10-03,164647247311.0
2025-10-04,166117146862.0
2025-10-05,165754590170.0
2025-10-06,166725137307.0
2025-10-07,171068892717.0
2025-10-08,167190766046.0
2025-10-09,168969262283.0
2025-10-10,164754311806.0
2025-10-11,147663015384.0
2025-10-12,145667118110.0
2025-10-13,155744222888.0
2025-10-14,158921964614.0
2025-10-15,155956041136.0
2025-10-16,150925868777.0
2025-10-17,148065282338.0
2025-10-18,145536871011.0
2025-10-19,148479098796.0
2025-10-20,148929836855.0
2025-10-21,151011012514.0
2025-10-22,147600592638.0
2025-10-23,144927204809.0
2025-10-24,146982111519.0
2025-10-25,149220943554.0
2025-10-26,149567260599.0
2025-10-27,154864040060.0
2025-10-28,154095773485.0
2025-10-29,151037319527.0
2025-10-30,149873303983.0
2025-10-31,146834826851.0
2025-11-01,147481371513.0
2025-11-02,147526002916.0
2025-11-03,147750220790.0
2025-11-04,139363700506.0
2025-11-05,129302041535.0
2025-11-06,130456558151.0
2025-11-07,127772473755.0
2025-11-08,130396961455.0
2025-11-09,129310956681.0
2025-11-10,133488154190.0
2025-11-11,133691911442.0
2025-11-12,129837044752.0
2025-11-13,129387795007.0
2025-11-14,126538712548.0
2025-11-15,124038108141.0
2025-11-16,124175644997.0
2025-11-17,121332654603.0
2025-11-18,118976014270.0
2025-11-19,121935428365.0
2025-11-20,119587103691.0
2025-11-21,115587721655.0
2025-11-22,111919509850.0
2025-11-23,110472320425.0
2025-11-24,112192926905.0
2025-11-25,115955353731.0
2025-11-26,116081675962.0
2025-11-27,118477957773.0
2025-11-28,118132874128.0
2025-11-29,118038540978.0
2025-11-30,116761819579.0
2025-12-01,115732285112.0
2025-12-02,111474441560.0
2025-12-03,116464377059.0
2025-12-04,120798353677.0
2025-12-05,119228646044.0
2025-12-06,117020659388.0
2025-12-07,116975274044.0
2025-12-08,117398580405.0
2025-12-09,118054196259.0
2025-12-10,121671278422.0
2025-12-11,120739850345.0
2025-12-12,120324978082.0
2025-12-13,118548629122.0
2025-12-14,119265816148.0
2025-12-15,118890134100.0
2025-12-16,115741901288.0
2025-12-17,116694808932.0
2025-12-18,113821552528.0
2025-12-19,113257354981.0
2025-12-20,116367569098.0
2025-12-21,116824745676.0
2025-12-22,117626126671.0
2025-12-23,117192524882.0
2025-12-24,114887039565.0
2025-12-25,115117935668.0
2025-12-26,114357469998.0
2025-12-27,114343897281.0
2025-12-28,114951047145.0
2025-12-29,115390126681.0
2025-12-30,113532928443.0
2025-12-31,113344435418.0
2026-01-01,114391640447.0
2026-01-02,116854020203.0
2026-01-03,119140685597.0
2026-01-04,120520240696.0
2026-01-05,121294930615.0
2026-01-06,123819331512.0
2026-01-07,124565212923.0
2026-01-08,121344532290.0
2026-01-09,119526699761.0
2026-01-10,118663528570.0
2026-01-11,119705360943.0
2026-01-12,120516215706.0
2026-01-13,119090435220.0
2026-01-14,125729021308.0
2026-01-15,127304649997.0
2026-01-16,126232975950.0
2026-01-17,126406572908.0
2026-01-18,127318762948.0
2026-01-19,124678730733.0
2026-01-20,124139672322.0
2026-01-21,117142231408.0
2026-01-22,118284923542.0
2026-01-23,117654511796.0
2026-01-24,117519696867.0
2026-01-25,118130082540.0
2026-01-26,114388533062.0
2026-01-27,117486171890.0
2026-01-28,119188959057.0
2026-01-29,119351288175.0
2026-01-30,114245920083.0
2026-01-31,112138564654.0
2026-02-01,105785904678.0
2026-02-02,102018194728.0
2026-02-03,103398535039.0
2026-02-04,101739481069.0
2026-02-05,99017057100.0
2026-02-06,88782036702.0
2026-02-07,94837496078.0
2026-02-08,96279226522.0
2026-02-09,96792037648.0
2026-02-10,96531646344.0
2026-02-11,94656445959.0
2026-02-12,93402086878.0
2026-02-13,93005492674.0
2026-02-14,95200286079.0
2026-02-15,95930118016.0
2026-02-16,93986074308.0
2026-02-17,94273467398.0
2026-02-18,93841399979.0
2026-02-19,90985209807.0
2026-02-20,91265620355.0
2026-02-21,91193616070.0
2026-02-22,91477529471.0
2026-02-23,90563380555.0
2026-02-24,87750070459.0
2026-02-25,87497098950.0
2026-02-26,92183189950.0
2026-02-27,91635708229.0
2026-02-28,89595597059.0
2026-03-01,90292045562.0
2026-03-02,89364479175.0
2026-03-03,91720702623.0
2026-03-04,90341172394.0
2026-03-05,94378800843.0
2026-03-06,93806493115.0
2026-03-07,91470396683.0
2026-03-08,91464168852.0
2026-03-09,91269742975.0
2026-03-10,93190850517.0
2026-03-11,93378702174.0
2026-03-12,92864328501.0
2026-03-13,94248961047.0
2026-03-14,93854023362.0
2026-03-15,94566617116.0
2026-03-16,96332768397.0
2026-03-17,99016075421.0
2026-03-18,98553838487.0
2026-03-19,95200583642.0
2026-03-20,93394117364.0
2026-03-21,94751071709.0
2026-03-22,93860892847.0
2026-03-23,91460185305.0
2026-03-24,93889078413.0
2026-03-25,94120105794.0
2026-03-26,94932257873.0
2026-03-27,92248035866.0
2026-03-28,90613504247.0
2026-03-29,90801564688.0
2026-03-30,90820421046.0
2026-03-31,90893245119.0
2026-04-01,93192157791.0
2026-04-02,92426164880.0
2026-04-03,90792156652.0
2026-04-04,90383702630.0
2026-04-05,90872026331.0
2026-04-06,92238186171.0
2026-04-07,90493014538.0
2026-04-08,93808834925.0
2026-04-09,92967800333.0
2026-04-10,93608380750.0
2026-04-11,94813322263.0
2026-04-12,95466105177.0
2026-04-13,93128674480.0
2026-04-14,97138107456.0
2026-04-15,96577532818.0
2026-04-16,96555048117.0
2026-04-17,96654067729.0
2026-04-18,97859634976.0
2026-04-19,91255668815.0
2026-04-20,84444621292.0
2026-04-21,83962919289.0
2026-04-22,83934048267.0
2026-04-23,84715736425.0
2026-04-24,83340231588.0
2026-04-25,82403396923.0
2026-04-26,82901886103.0
2026-04-27,84079499211.0
2026-04-28,82515286729.0
2026-04-29,81986414093.0
2026-04-30,82098382811.0
2026-05-01,82275425573.0
2026-05-02,82775866150.0
2026-05-03,83467116989.0
2026-05-04,83700735862.0
2026-05-05,83804963440.0
2026-05-06,84415649989.0
2026-05-07,84341525684.0
2026-05-08,83623506933.0
2026-05-09,83900677442.0
2026-05-10,84146266788.0
2026-05-11,85220028473.0
2026-05-12,84725119569.0
2026-05-13,84083891243.0
2026-05-14,83442858968.0
2026-05-15,84399899931.0
2026-05-16,83050186467.0
2026-05-17,82094076122.0
2026-05-18,81156474856.0
2026-05-19,80758095348.0
2026-05-20,80073670897.0
2026-05-21,80635603327.0
2026-05-22,80987773363.0
2026-05-23,79605471859.0
2026-05-24,80793919124.0
2026-05-25,80584473502.0
2026-05-26,81035551608.0
2026-05-27,79775825894.0
2026-05-28,79370252629.0
2026-05-29,79070583028.0
2026-05-30,78589566542.0
2026-05-31,79269689536.0
2026-06-01,79107877868.0
2026-06-02,78172213617.0
2026-06-03,74247693511.0
2026-06-04,73496173656.0
2026-06-05,72549948558.0
2026-06-06,68695857824.0
2026-06-07,68473301719.0
2026-06-08,71080779471.0
2026-06-09,70766228380.0
2026-06-10,69495371690.0
2026-06-11,68641219294.0
2026-06-12,69996022295.0
2026-06-13,70430561680.0
2026-06-14,71168316533.0
2026-06-15,72256522907.0
2026-06-16,72958206476.0
2026-06-17,73446927854.0
2026-06-18,72309408302.0
2026-06-19,71229839410.0
2026-06-20,71417287643.0
2026-06-21,72116347292.0
2026-06-22,71253280120.0
2026-06-23,72053259800.0
2026-06-24,70715859247.0
2026-06-25,69191847978.0
2026-06-26,68573489794.0
2026-06-27,68951977766.0
2026-06-28,69071300299.0
2026-06-29,68702073735.0
2026-06-30,69178183666.0
2026-07-01,68182476264.0
2026-07-02,69191491842.0
2026-07-03,71509795019.0
2026-07-04,72796339783.0
2026-07-05,72975555731.0
2026-07-06,73343558953.0
2026-07-07,73547452634.0
2026-07-08,72207708572.0
2026-07-09,71284509385.0
2026-07-10,71250054780.0
2026-07-11,72890794824.0
2026-07-12,72249064707.0
2026-07-13,72374238670.0
2026-07-14,71805118517.0
2026-07-15,74164134596.0
2026-07-16,74372223219.0
2026-07-17,73948265830.0
2026-07-18,73992569021.0
2026-07-19,74542469087.0
2026-07-20,74395731717.0
2026-07-21,75517139840.0
2026-07-22,76270827743.0
2026-07-23,75844340220.0
2026-07-24,74728454782.0
2026-07-25,74311378307.0
2026-07-26,74629101465.0
2026-07-27,75546344012.0
2026-07-28,73892223555.0
2026-07-29,74535845312.0
2026-07-30,74163927614.0
2026-07-31,74219288213.0
2026-08-01,72886022478.0
2026-08-02,72495150846.0
2026-08-03,73225427797.0
2026-08-04,72696186913.0
2026-08-05,73628381392.0
2026-08-06,74106222392.0
2026-08-07,73962853000.0
2026-08-08,74253798049.0
2026-08-09,74550194170.0
2026-08-10,74536686687.0
2026-08-11,73998834173.0
2026-08-12,73741912712.0
2026-08-13,73792978196.0
2026-08-14,73571658168.0
2026-08-15,73308282046.0
2026-08-16,73670100034.0
2026-08-17,73579736736.0
2026-08-18,74454523791.0
2026-08-19,74934211720.0
2026-08-20,80754305797.0
2026-08-21,83175420988.0
2026-08-22,86709376581.0
2026-08-23,85762507821.0
2026-08-24,86142506789.0
2026-08-25,86471810003.0
2026-08-26,85947586144.0
2026-08-27,87238316142.0
2026-08-28,88058984581.0
2026-08-29,86329482946.0
2026-08-30,86569885469.0
2026-08-31,85638837818.0
2026-09-01,86894394691.0
2026-09-02,85322755195.0
2026-09-03,85312194449.0
2026-09-04,88477518537.0
2026-09-05,87223029336.0
2026-09-06,88241405022.0
2026-09-07,88872751832.0
2026-09-08,88271979072.0
2026-09-09,88294917483.0
2026-09-10,87293105065.0
2026-09-11,86528994090.0
2026-09-12,88074614811.0
2026-09-13,88577869074.0
2026-09-14,87356086702.0
2026-09-15,88802163541.0
2026-09-16,86012971863.0
2026-09-17,87082047780.0
2026-09-18,88129359157.0
2026-09-19,92802965993.0
2026-09-20,93125532190.0
2026-09-21,94085235143.0
2026-09-22,96339258769.0
2026-09-23,96397266642.0
2026-09-24,94858264810.0
2026-09-25,95127089454.0
2026-09-26,95436996207.0
2026-09-27,95487543061.0
2026-09-28,95448984922.0
2026-09-29,94760258596.0
2026-09-30,94637924315.0
